744;" Букет к 8 марта ""Барби 35""";"<p>тюльпан-35шт.</p>
<p>оформление фетр</p>";3000
558;"CHRISAL-добавка для цветов";;0
342;"Букет из 25 роз ""Аваланж"" ";;2500
480;"Букет из 25 роз ""Белоснежка"" ";"<p>роза одноголовая - 25 штук</p>";2500
478;"Букет из 25 роз ""Мери клер"" ";"<p>роза 25 шт</p>";2500
395;"Букет из 25 роз ""Прима"" ";"<p>роза 25 шт</p>";2500
423;"Букет из 25 роз ""Топаз"" ";"<p>роза сорта топаз, такази - 25 шт</p>";2500
414;"Букет из 25 роз ""Улыбка""";"<p>роза 25 шт</p>";2000
421;"Букет из 25 роз ""Фарфалле"" ";"<p>роза одноголовая 25 шт</p>";2500
366;"Букет из 51 роз ""Аваланж 60"" ";;3600
479;"Букет из 51 роз ""Белоснежка 70"" ";"<p>роза 51шт</p>";5100
370;"Букет из 51 роз ""Крем брюлле 70"" ";;4200
365;"Букет из 51 роз ""Крем брюлле""";;3600
369;"Букет из 51 роз ""Ред Наоми "" ";;4100
422;"Букет из 51 роз ""Топаз 70"" ";"<p>роза 51 шт</p>";5100
367;"Букет из 51 розы ""Аваланж 70"" ";;4100
373;"Букет из 51 розы ""Прима""";"<p>роза одноголовая 51 шт</p>";5500
399;"букет из 51 розы ""Свет солнца"" ";"<p>роза 51шт</p>";5100
420;"Букет из 51 розы ""Фарфалле 70"" ";"<p>роза одноголовая 51 шт</p>";5100
276;"Букет из кустовых роз ""Али баба""";"<p>кустовая роза- 5 шт</p>
<p>роза мери клер - 6 шт</p>
<p>роза лимбо - 3 шт</p>
<p>орхидея цимбидиум - 3 шт</p>
<p>аспидистра - 5 шт</p>
<p>декоративная зелень - 7 шт</p>
<p>&nbsp;натуральный декор</p>
<p>упаковка натуральная</p>";2300
405;"Букет из кустовых роз ""Аризо""";"<p>роза кустовая - 10 шт</p>
<p>роза одноголовая(Россия, казахстан) - 25</p>";3500
275;"Букет из кустовых роз ""Белла""";"<p>роза кустовая-15шт.</p>
<p>лента.</p>";2000
649;"Букет из кустовых роз ""Ванильный коктейль""";"<p>роза кустовая-3шт.</p>
<p>одноголовая роза-11шт.</p>
<p>альстромерия-4шт.</p>
<p>эустома-3шт.</p>
<p>аспидистра-4шт.</p>
<p>робилини-2шт.</p>
<p>эвкалипт-3шт.</p>
<p>рускус-5шт.</p>
<p>упаковка натуральный сизаль.</p>";3000
88;"Букет из кустовых роз ""Веснушка""";"<p>роза кустовая-25шт.</p>
<p>лента</p>";3300
573;"Букет из кустовых роз ""Гало""";"<p>роза одноголовая-11шт.</p>
<p>роза кустовая-3шт.</p>
<p>солидаго-2шт.</p>
<p>иликс-1шт.</p>
<p>гиперткум-1шт.</p>
<p>экзотик микс-2шт.</p>
<p>упаковка натуральная</p>";1800
309;"Букет из кустовых роз ""Злато""";"<p>роза кустовая-15шт.</p>
<p>статица-4шт.</p>
<p>лента</p>";1900
564;"Букет из кустовых роз ""Иволга""";"<p>роза одноголовая-15-шт.</p>
<p>роза кустовая-5шт.</p>
<p>орхидея-2шт.</p>
<p>альстромерия-3шт.</p>
<p>иликс-1шт.</p>
<p>гиперикум-1шт.</p>
<p>рускус-7шт.</p>
<p>аспидистра-7шт.</p>
<p>солидаго-4шт.</p>
<p>монстера-1шт.</p>
<p>берграсс</p>
<p>натуральный декор</p>
<p>упаковка натуральная</p>
<p>&nbsp;</p>";4000
803;"Букет из кустовых роз ""Легенда""";"<p>гербера-3шт.</p>
<p>эустома-4шт.</p>
<p>альстромерия-4шт.</p>
<p>роза кустовая-4шт.</p>
<p>солидаго-1шт.</p>
<p>монстера-2шт.</p>
<p>рускус-9шт.</p>
<p>натуральный декор</p>
<p>упаковка натуральная</p>";2600
571;"Букет из кустовых роз ""Маака""";"<p>роза кустовая-9шт.</p>
<p>роза одноголовая-25шт.</p>
<p>эустома-4шт.</p>
<p>аспидистра-7шт.</p>
<p>рускус-9шт.</p>
<p>упаковка натуральная</p>";5000
237;"Букет из кустовых роз ""Марго""";"<p>роза одноголовая-7шт.</p>
<p>роза кустовая-3шт.</p>
<p>альстромерия-4шт.</p>
<p>статица-2шт.</p>
<p>озаматинус-3шт.</p>
<p>эвкалипт-4шт.</p>
<p>берграс</p>
<p>фатсия-3шт.</p>
<p>упаковка натуральная</p>";2200
332;"Букет из кустовых роз ""Мираж""";"<p>роза кустовая-10шт.</p>
<p>альстромерия-5шт.</p>
<p>лента</p>";2000
907;"Букет из кустовых роз ""Морозко""";"<p>орхидея цимбидиум - 3 шт</p>
<p>леукодендрон - 3 шт</p>
<p>кустовая роза - 4 шт</p>
<p>аспидистра - 6 шт</p>
<p>илекс - 1 ветка</p>
<p>ель - 1 ветка</p>
<p>хлопок - 1 ветка</p>
<p>монстера - 2 шт</p>
<p>эвкалипт - 3 шт</p>
<p>упаковка натуральная</p>";2500
271;"Букет из кустовых роз ""Наивность""";"<p>роза одноголовая-11шт.</p>
<p>роза кустовая-8шт.</p>
<p>фрезия-7шт.</p>
<p>статица-4шт.</p>
<p>фатсия-3шт.</p>
<p>упаковыка натуральная</p>";2500
272;"Букет из кустовых роз ""Натали""";"<p>орхидея-1шт.</p>
<p>хризантема кустовая-1шт.</p>
<p>роза кустовая-1шт.</p>
<p>гиперикум-1шт.</p>
<p>папоротник-1шт.</p>
<p>рускус-3шт.</p>
<p>берграсс</p>
<p>озаматинус-1шт.</p>
<p>упаковка натуральная</p>";1000
273;"Букет из кустовых роз ""Палермо""";"<p>роза кустовая-15шт.</p>
<p>статица-3шт.</p>
<p>эвкалипт4шт.</p>
<p>упаковка натуральная</p>";2500
548;"Букет из кустовых роз ""Прованс""";"<p>роза кустовая-7шт.</p>
<p>хризантема кустовая-8шт.</p>";2300
277;"Букет из кустовых роз ""Просто прелесть""";"<p>роза кустовая-15шт.</p>
<p>лента.</p>";2000
397;"Букет из кустовых роз ""Реприза 60/70""";"<p>кустовая роза 21шт</p>";3200
278;"Букет из кустовых роз ""Рио Рито""";"<p>роза кустовая-10шт.</p>
<p>роза одноголовая-21шт.</p>
<p>гапсофила-2шт.</p>
<p>монстера-3шт.</p>
<p>упаковка натуральная</p>";3800
410;"Букет из кустовых роз ""Солнечный зайчик/40""";"<p>роза кустовая-11шт.</p>
<p>оформление сизаль.</p>";1200
409;"Букет из кустовых роз ""Солнечный зайчик/70""";"<p>кустовая роза длинная - 11 шт</p>";1700
274;"Букет из кустовых роз ""Таити""";"<p>роза кустовая-5шт.</p>
<p>орхидея-3шт.</p>
<p>статица-2шт.</p>
<p>гиперикум-3шт.</p>
<p>гвоздика зеленая-3шт.</p>
<p>гипсофила-1шт.</p>
<p>эвкалипт-4шт.</p>
<p>упаковка натуральная</p>
<p>&nbsp;</p>";1800
86;"Букет из кустовых роз ""Теплое лето""";"<p>роза кустовая-25шт.</p>
<p>лента</p>";3300
406;"Букет из кустовых роз ""Только тебе""";"<p>кустовая роза - 25 шт</p>";3600
356;"Букет из кустовых роз ""Файервокс/40""";"<p>рорза кустовая-15шт.</p>
<p>лента</p>";1500
355;"Букет из кустовых роз ""Файервокс/60-70""";"<p>роза кустовая-15шт.</p>
<p>лента</p>";2000
293;"Букет из кустовых роз ""Экспромт Фантазия""";"<p>амарилис-1шт.</p>
<p>роза кустовая-4шт.</p>
<p>роза одноголовая-5шт.</p>
<p>хризантема кустовая-4шт.</p>
<p>бруния-3шт.</p>
<p>гербера-1шт.</p>
<p>брасика-1шт.</p>
<p>рускус-7шт.</p>
<p>монстера-1шт.</p>
<p>упаковка натуральная</p>";3800
312;"Букет из кустовых роз ""Ясный день""";"<p>рроза кустовая-15шт.</p>
<p>лента</p>";2000
568;"Букет из лилий  ""Амадина""";"<p>лилия- 1шт.</p>
<p>роза одноголовая -10шт.</p>
<p>гербера -3шт.</p>
<p>хризантема кустовая -3шт.</p>
<p>солидаго-2шт.</p>
<p>рускус-5шт.</p>
<p>декоративная зелень</p>
<p>оформление натуральная сетка</p>";2700
304;"Букет из лилий ""Алла""";"<p>лилия-3шт.</p>
<p>гербера-5шт.</p>
<p>гиперикум-4шт.</p>
<p>рускус-5шт.</p>
<p>лимониум-3шт.</p>
<p>оформление сизаль</p>";2000
314;"Букет из лилий ""Аэлита""";"<p>лилия -1шт.</p>
<p>тюльпан -9шт.</p>
<p>роза Мери клер- 5шт.</p>
<p>роза Кул Ватер -10шт.</p>
<p>фрезия- 3шт.</p>
<p>статица- 3шт.</p>
<p>фатсия- 3шт.</p>
<p>оформление сизаль</p>";2300
477;"Букет из лилий ""Классика жанра""";"<p>лилия- 2шт.</p>
<p>роза одноголовая -9шт.</p>
<p>рускус итало-1шт.</p>
<p>рускус-9шт.</p>
<p>аспидистра-4шт.</p>
<p>натуральный декор</p>
<p>оформление сизаль</p>";2000
302;"Букет из лилий ""Мелодия""";"<p>лилия-1шт.</p>
<p>аспидистра-4шт.</p>
<p>лимониум-2шт.</p>
<p>статица-3шт.</p>
<p>рускус-шт.</p>
<p>декор</p>
<p>оформление сизаль,фетр</p>";1500
313;"Букет из лилий ""Облепиха""";"<p>хризантема кустовая-4шт.</p>
<p>роза кустовая-3шт.</p>
<p>лилия-1шт.</p>
<p>гербера-3шт.</p>
<p>роза Мери Клер-10шт.</p>
<p>тюльпан-9шт.</p>
<p>аспидистра-5шт.</p>
<p>фатсия-3шт.</p>
<p>оформление сизаль</p>";3500
303;"Букет из лилий ""От всей души""";"<p>лилия-3шт.</p>
<p>роза-5шт.</p>
<p>гиперикум-3шт.</p>
<p>рускус-5шт.</p>
<p>аспарагус-5шт.</p>
<p>лимониум-3шт.</p>
<p>оформление- натуральная упаковка</p>
<p>&nbsp;</p>";2300
316;"Букет из лилий ""Сеньорита""";"<p>бамбук- 1шт</p>
<p>калла- 4шт.</p>
<p>лилия- 1шт.</p>
<p>ирис- 5шт.</p>
<p>гиперикум- 1шт.</p>
<p>статица-2шт.</p>
<p>декоративная зелень</p>
<p>аспидистра-3шт</p>
<p>фатсия-1шт</p>
<p>рускус-5шт.</p>
<p>оформление органза</p>";2800
317;"Букет из лилий ""Увертюра""";"<p>гортензия- 1шт.</p>
<p>роза одноголовая -7шт.</p>
<p>лилия -1шт.</p>
<p>роза кустовая -2шт.</p>
<p>брассика- 1шт.</p>
<p>экзотическая зелень</p>
<p>эвкалипт-7шт.</p>
<p>оформление сизаль</p>";3200
315;"Букет из лилий ""Эрмитаж""";"<p>гипеаструм- 3шт.</p>
<p>лилия -1шт.</p>
<p>аспидистра- 3шт.</p>
<p>папоротник -3шт.</p>
<p>салал- 3шт.</p>
<p>берграсс</p>
<p>декоративная зелень</p>
<p>декор</p>
<p>оформление сизаль</p>";2000
416;"Букет из орхидей ""Адэль""";"<p>орхидея-3шт.</p>
<p>хризантема кустовая-3шт.</p>
<p>гиперикум-3шт.</p>
<p>гвоздика-5шт.</p>
<p>папоротник-1шт.</p>
<p>берграсс</p>
<p>салал-5шт.</p>
<p>упаковка натуральная</p>";1300
535;"Букет из орхидей ""Альбина""";"<p>орхидея цимбидиум-7шт.</p>
<p>альстромерия-5шт.</p>
<p>хризантема кустовая-4шт.</p>
<p>салал-10шт.</p>
<p>экзотическая зелень</p>
<p>упаковка фетр.сизаль</p>";3000
418;"Букет из орхидей ""Алькор""";"<p>орхидея-5шт.</p>
<p>антуриум-3шт.</p>
<p>роза одноголовая-3шт.</p>
<p>альстромерия-5шт.</p>
<p>хризантема кустовая-4шт.</p>
<p>аспидистра-5шт.</p>
<p>монстера-3шт.</p>
<p>экзотическая зелень</p>
<p>оформление сизаль</p>
<p>&nbsp;</p>";3500
424;"Букет из орхидей ""Балау""";"<p>орхидея-5шт.</p>
<p>роза-5шт.</p>
<p>альстромерия-3шт.</p>
<p>гвоздика кустовая-4шт.</p>
<p>лимониум-2шт.</p>
<p>рускус-4шт.</p>
<p>монстера-3шт.</p>
<p>экзотическая зелень</p>
<p>упаковка фетр</p>";2600
448;"Букет из орхидей ""Бароло""";"<p>орхидея цимбидиум-10шт.</p>
<p>роза-11шт.</p>
<p>альстромерия-9шт.</p>
<p>гиперикум-7шт.</p>
<p>эвкалипт-4шт.</p>
<p>салал-10шт.</p>
<p>натуральная упаковка сизаль</p>";3500
327;"Букет из орхидей ""Бонжур""";"<p>орхидея цимбидиум-7шт.</p>
<p>хризантема кустовая-3шт.</p>
<p>гиперикум-1шт.</p>
<p>рускус итало-1шт.</p>
<p>рускус-8шт.</p>
<p>аспидистра-7шт.</p>
<p>фатсия-1шт.</p>
<p>экзотическая зелень</p>
<p>упаковка фетр,сизаль</p>
<p>&nbsp;</p>";2500
324;"Букет из орхидей ""Версаль""";"<p>ветка орхидей-1шт.</p>
<p>эвкалипт-3шт.</p>
<p>декор</p>
<p>упаковка сизаль</p>
<p>&nbsp;</p>";2300
850;"Букет из орхидей ""Вечерний Париж""";"<p>орхидея-5шт.</p>
<p>гербера-7шт.</p>
<p>гиперикум-3шт.</p>
<p>аспидистра-15шт.</p>
<p>упвковка фетр</p>";3000
665;"Букет из орхидей ""Волшебный миг""";"<p>гиперикум-5шт.</p>
<p>орхидея цимбидиум-3шт.</p>
<p>гвоздика-3шт.</p>
<p>роза-5шт.</p>
<p>рускус-5шт.</p>
<p>аспидистра-9шт.</p>
<p>упаковка крафт бумага</p>";1800
651;"Букет из орхидей ""Гелиос""";"<p>орхидея-5шт.</p>
<p>хризантема кустовая-2шт.</p>
<p>иликс-1шт.</p>
<p>рускус-7шт.</p>
<p>аспидистра-5шт.</p>
<p>экзотическая зелень</p>
<p>упаковка сетка</p>
<p>натуральный декор</p>";2000
805;"Букет из орхидей ""Герда""";"<p>орхидея-3шт.</p>
<p>роза-15шт.</p>
<p>эустома-2шт.</p>
<p>кустовая хризантема-4шт.</p>
<p>гиацинт-1шт.</p>
<p>статица-2шт.</p>
<p>рускус-11шт.</p>
<p>упаковка сизаль,фетр</p>
<p>&nbsp;</p>
<p>&nbsp;</p>";3500
788;"Букет из орхидей ""Деа""";"<p>орхидея-3шт.</p>
<p>антуриум-2шт.</p>
<p>пионовидная роза-7шт.</p>
<p>аспидистра-12-шт</p>
<p>рускус-5шт.</p>
<p>монстера-1шт.</p>
<p>декор хлопок</p>
<p>натуральная упаковка</p>";2500
952;"Букет из орхидей ""Джази""";"<p>протея 1шт</p>
<p>орхидея 3шт</p>
<p>гербера 3шт</p>
<p>хризантема кустовая 3шт</p>
<p>гиперикум 1шт</p>
<p>лимониум 2шт</p>
<p>аспидистра 12шт</p>
<p>фитоспорум 2шт</p>
<p>эвкалипт 3шт</p>
<p>рускус 5шт</p>
<p>статица 2шт</p>
<p>декор</p>
<p>натуральная упаковка</p>
<p>&nbsp;</p>
<p>&nbsp;</p>";3000
859;"Букет из орхидей ""Елисейские поля 2""";"<p>орхидея-3шт.</p>
<p>антуриум-2шт.</p>
<p>хризантема кустовая-4шт.</p>
<p>калла-4шт.</p>
<p>брасика-3шт.</p>
<p>гиперикум-4шт.</p>
<p>лимониум-2шт.</p>
<p>робилини-1шт.</p>
<p>аспидистра-13шт.</p>
<p>рускус-3шт.</p>
<p>корилус</p>
<p>упаковка натуральная</p>
<p>&nbsp;</p>";3800
853;"Букет из орхидей ""Елисейские поля""";"<p>гербера-4шт.</p>
<p>антуриум-2шт.</p>
<p>орхидея-4шт.</p>
<p>хризантема кустовая-4шт.</p>
<p>гиперикум-5шт.</p>
<p>рускус-5шт.</p>
<p>лимониум-3шт.</p>
<p>аспидистра-14шт.</p>
<p>фатсия-3шт.</p>
<p>экзотическая зелень</p>
<p>натуральный декор</p>
<p>упаковка сетка</p>";3800
592;"Букет из орхидей ""Клубничный дайкири""";"<p>гиппеаструм-3шт.</p>
<p>орхидея-3шт.</p>
<p>хризантема кустовая-3шт.</p>
<p>рускус-4шт.</p>
<p>аспидистра-3шт.</p>
<p>робилини-2шт.</p>
<p>аспарагус-3шт.</p>
<p>монстера-2шт.</p>
<p>экзотическая зелень</p>
<p>натуральный декор корилус-1шт.</p>
<p>оформление фетр</p>
<p>&nbsp;</p>";3700
326;"Букет из орхидей ""Лакомка""";"<p>орхидея ванда-7шт.</p>
<p>роза-25шт.</p>
<p>эустома-5шт.</p>
<p>озатамантус-5шт.</p>
<p>рускус-10шт.</p>
<p>фатсия-3шт.</p>
<p>оформление сизаль</p>
<p>&nbsp;</p>";5000
560;"Букет из орхидей ""Мальдивы""";"<p>орхидея-7шт.</p>
<p>альстомерия-5шт.</p>
<p>гвоздика кустовая-7шт.</p>
<p>роза кустовая-3шт.</p>
<p>лимониум-1шт.</p>
<p>рускус-7шт.</p>
<p>робилини-1шт.</p>
<p>экзотическая зелень</p>
<p>упаковка фетр</p>
<p>&nbsp;</p>";3000
308;"Букет из орхидей ""Млечный путь""";"<p>антуриум-3шт.</p>
<p>амарилис-1шт.</p>
<p>орхидея-2шт.</p>
<p>хризантема кустовая-3шт.</p>
<p>альстромерия-3шт.</p>
<p>гвоздика-3шт.</p>
<p>эвкалипт-5шт.</p>
<p>рускус-5шт.</p>
<p>аспидистра-7шт.</p>
<p>монстера-2шт.</p>
<p>экзотическая зелень</p>
<p>упаковка натуральная-сизаль</p>";5500
807;"Букет из орхидей ""Мои мечты""";"<p>орхидея -4шт.</p>
<p>роза-5шт.</p>
<p>эустома-4шт.</p>
<p>хризантема кустовая-1шт.</p>
<p>статица-2шт.</p>
<p>рускус итало-1шт.</p>
<p>аспарагус-1шт.</p>
<p>салал-7шт.</p>
<p>фатсия-2шт.</p>
<p>упаковка сизаль</p>
<p>&nbsp;</p>";2500
847;"Букет из орхидей ""Мулен Руж""";"<p>брассика-3шт.</p>
<p>орхидея-3шт.</p>
<p>роза-3шт.</p>
<p>хризантема кустовая-2шт.</p>
<p>гиперикум-5шт.</p>
<p>лимониум-3шт.</p>
<p>аспидистра-12шт.</p>
<p>фатсия-3шт.</p>
<p>экзотическая зелень</p>
<p>упаковка натуральная</p>
<p>&nbsp;</p>";3200
858;"Букет из орхидей ""Нежные встречи""";"<p>орхидея-1шт.</p>
<p>хризантема кустовая-3шт.</p>
<p>гербера-2шт.</p>
<p>роза одноголовая-6шт.</p>
<p>роза кустовая-3шт.</p>
<p>альстромерия-2шт.</p>
<p>гиперикум-3шт.</p>
<p>лимониум-2шт.</p>
<p>эвкалипт-5шт.</p>
<p>декоративная зелень</p>
<p>упаковка сизаль</p>
<p>&nbsp;</p>";2200
953;"Букет из орхидей ""Осенний джаз""";"<p>орхидея 7шт</p>
<p>роза -10шт</p>
<p>гиперикум -4шт</p>
<p>альстромерия -8шт</p>
<p>эустома -4шт</p>
<p>эвкалипт-3шт</p>
<p>рускус-15шт</p>
<p>натуральная упаковка</p>";4000
673;"Букет из орхидей ""Палермо""";"<p>гербера-3шт.</p>
<p>орхидея-6шт.</p>
<p>хризантема кустовая-5шт.</p>
<p>эвкалипт-2шт.</p>
<p>робилини-3шт.</p>
<p>монстера-3шт.</p>
<p>экзотическая зелень</p>
<p>упаковка сизаль</p>";3500
325;"Букет из орхидей ""Пампадур""";"<p>орхидея-11шт.</p>
<p>альстромерия-15шт.</p>
<p>эустома-10шт.</p>
<p>аспидистра-12шт.</p>
<p>фатсия-4шт.</p>
<p>декор</p>
<p>упаковка натуральный сизаль</p>";5000
778;"Букет из орхидей ""Сады Аризоны""";"<p>орхидея-2шт.</p>
<p>эустома-3шт.</p>
<p>хризантема кустовая-2шт.</p>
<p>протея-1шт.</p>
<p>гвоздика-3шт.</p>
<p>эвкалипт-2шт</p>
<p>лимониум-2шт.</p>
<p>аспидистра-4шт.</p>
<p>робилини-1шт.</p>
<p>фатсия-2шт.</p>
<p>бергасс</p>
<p>декор хлопок</p>
<p>натуральная упаковка</p>";2600
594;"Букет из орхидей ""Северное сияние""";"<p>роза-9шт.</p>
<p>орхидея-5шт.</p>
<p>аспидистра-8шт.</p>
<p>рускус-7шт.</p>
<p>робилини-4шт.</p>
<p>упаковка фетр</p>";2500
780;"Букет из орхидей ""Фрейлина""";"<p>орхидея-3шт.</p>
<p>гебера-2шт.</p>
<p>роза кустовая-2шт.</p>
<p>рускус-5шт.</p>
<p>аспидистра-13шт.</p>
<p>декор яблоко</p>
<p>упаковка сизаль</p>
<p>&nbsp;</p>";2000
319;"Букет из орхидей ""Фуэте""";"<p>орхидея-5шт.</p>
<p>роза кустовая-6шт.</p>
<p>гиперикум-5шт.</p>
<p>статица-3шт.</p>
<p>рускус-7шт.</p>
<p>аспидистра-7шт.</p>
<p>берграсс</p>
<p>экзотическая зелень</p>
<p>оформлениефетр,сетка.</p>
<p>&nbsp;</p>";2300
323;"Букет из орхидей ""Чунга Чанга""";"<p>бамбук-1шт.</p>
<p>ветка орхидеи цимбидиум-1шт.</p>
<p>аспидистра-3шт.</p>
<p>робилини-1шт.</p>
<p>берграсс</p>
<p>оформление лента</p>";1500
318;"Букет из орхидей ""Шлягер""";"<p>орхидея-1шт.</p>
<p>хризантема кустовая-1шт.</p>
<p>ирис-2шт.</p>
<p>рускус-4шт.</p>
<p>берграсс</p>
<p>оформление стеклянный стакан</p>";1000
799;"Букет из орхидей""Гламур""";"<p>калла-2шт.</p>
<p>орхидея сорта цимбидиум-3шт.</p>
<p>альстромерия-2шт.</p>
<p>леокадендрон-3шт.</p>
<p>аспидистра-17шт.</p>
<p>натуральный декор хлопок</p>
<p>упаковка сизаль</p>";2000
932;"Букет из роз "" Для тебя""";"<p>орхидея-3шт.</p>
<p>эустома-3шт.</p>
<p>роза-4шт.</p>
<p>роза кустовая-4шт.</p>
<p>статица-2шт.</p>
<p>берграсс</p>
<p>аспидистра-6шт.</p>
<p>упаковка сизаль</p>";1800
334;"Букет из роз ""Аваланж 15/60""";;1200
335;"Букет из роз ""Аваланж 15/70""";;1500
341;"Букет из роз ""Аваланж 25/60""";;2000
400;"Букет из роз ""Аваланж 75/70""";;7500
402;"Букет из роз ""Аваланж 75/70"" белый";"<p>роза 75 шт</p>";7500
796;"Букет из роз ""Аврора""";"<p>роза-15шт.</p>
<p>хризантема-4шт.</p>
<p>эустома-4шт.</p>
<p>гиперикум-1шт.</p>
<p>аспарагус-4шт.</p>
<p>кустовая роза-5шт.</p>
<p>лимониум-3шт.</p>
<p>робилини-2шт.</p>
<p>рускус-10шт.</p>
<p>аспидистра-4шт.</p>
<p>упаковка натуральный сизаль</p>";3800
559;"Букет из роз ""Акварель""";"<p>розы-15шт.</p>
<p>орхидея-3шт.</p>
<p>ирисы-5шт.</p>
<p>хризантема кустовая-6шт.</p>
<p>краспедия-2шт.</p>
<p>рускус-10шт.</p>
<p>робелини-3шт.</p>
<p>аспидистра-7шт.</p>
<p>аспарагус-7шт.</p>
<p>упаковка фетр,сетка</p>";5000
587;"Букет из роз ""Амиго""";"<p>роза-11шт.</p>
<p>хризантема кустовая-2шт.</p>
<p>альстромерия-4шт.</p>
<p>рускус-7шт.</p>
<p>салал-7шт.</p>
<p>солидаго-3шт.</p>
<p>упаковка сизал.</p>";2500
333;"Букет из роз ""Арлекино""";"<p>роза-15шт.</p>
<p>гиперикум-3шт.</p>
<p>лента</p>";1200
259;"Букет из роз ""Белоснежка 25""";"<p>роза Мандиаль-25шт.</p>
<p>лента</p>";2500
561;"Букет из роз ""Венеция""";"<p>роза кустовая-11шт.</p>
<p>роза одноголовая-29шт.</p>
<p>гиперикум-5шт.</p>
<p>гипсофила-3шт.</p>
<p>салал-9шт.</p>
<p>берграсс</p>";5000
431;"Букет из роз ""Веселый ералаш""";"<p>роза-11шт.</p>
<p>хризантема кустовая-4шт.</p>
<p>гербера-2шт.</p>
<p>астер-3шт.</p>
<p>каркас</p>";2500
785;"Букет из роз ""Вояж""";"<p>гербера-3шт.</p>
<p>роза-5шт.</p>
<p>хризантема кустовая-3шт.</p>
<p>кустоваяроза-3шт.</p>
<p>статица-2шт.</p>
<p>эвкалипт-3шт.</p>
<p>папоротник-5шт.</p>
<p>упаковка крафт,фетр</p>";2400
574;"Букет из роз ""Гало""";"<p>роза-10шт.</p>
<p>кустовая роза-5шт.</p>
<p>солидаго-4шт.</p>
<p>гиперикум-1шт.</p>
<p>иликс-1шт.</p>
<p>салал-10шт.</p>
<p>упаковка натуральный сизаль</p>";2000
818;"Букет из роз ""Желание""";"<p>роза одноголовая-13шт.</p>
<p>эустома-5шт.</p>
<p>гербера-3шт.</p>
<p>монстера-1шт.</p>
<p>салал-10шт.</p>
<p>упаковка сизаль</p>";3000
398;"Букет из роз ""Иллюзия""";"<p>роза-25шт.</p>
<p>салал-7шт.</p>
<p>упаковка натуральный сизаль</p>";1800
562;"Букет из роз ""Кармен""";"<p>гербера-3шт.</p>
<p>роза одноголовая-17шт.</p>
<p>эустома-10шт.</p>
<p>озантамус-3шт.</p>
<p>фитоспорум-5шт.</p>
<p>аспидистра-5шт.</p>
<p>папоротник-9шт.</p>
<p>упаковка сизаль</p>";5000
454;"Букет из роз ""Классика""";"<p>роза-3шт.</p>
<p>рускус-4шт.</p>
<p>аспидистра-3шт.</p>
<p>берграсс</p>
<p>упаковка</p>";700
463;"Букет из роз ""Классический""";"<p>роза-5шт.</p>
<p>рускус-5шт.</p>
<p>аспидистра-3шт.</p>
<p>упаковка органза</p>";1300
261;"Букет из роз ""Красивая жизнь""";"<p>эустома-5шт.</p>
<p>альтромерия-5шт.</p>
<p>роза кустовая-4шт.</p>
<p>роза одноголовая-25шт.</p>
<p>робилини-5шт.</p>
<p>упаковка сизаль</p>";5500
783;"Букет из роз ""Круиз""";"<p>гербера-3шт.</p>
<p>роза-4шт.</p>
<p>ирис-3шт.</p>
<p>хризантема кустовая-2шт.</p>
<p>альстромерия-3шт.</p>
<p>статица-1шт.</p>
<p>солидаго-3шт.</p>
<p>рускус-5шт.</p>
<p>аспидистра-3шт.</p>
<p>аралия-3шт.</p>
<p>упаковка крафт,сизаль</p>";2400
820;"Букет из роз ""Лалитта""";"<p>роза кустовая-2шт.</p>
<p>роза одноголовая-5шт.</p>
<p>эустома-2шт.</p>
<p>гвоздика-3шт.</p>
<p>хризантема-1шт.</p>
<p>гиперикум-1шт.</p>
<p>лимониум-1шт.</p>
<p>эвкалипт-3шт.</p>
<p>салал-7шт.</p>
<p>упаковка сизаль</p>";1800
925;"Букет из роз ""Летний луч""";"<p>орхидея-3шт.</p>
<p>хризантема кустовая-4шт.</p>
<p>нарцисс-5шт.</p>
<p>альстомерия-5шт.</p>
<p>фрезия-5шт.</p>
<p>гвоздика-5шт.</p>
<p>роза-13шт.</p>
<p>эвкалипт-4шт.</p>
<p>салал-7шт.</p>
<p>упаковка натуральная сизаль</p>";3000
791;"Букет из роз ""Медовый рай""";"<p>гербера-3шт.</p>
<p>хризантема кустовая-2шт.</p>
<p>подсолнух-2шт.</p>
<p>роза-5шт.</p>
<p>кустовая роза-3шт.</p>
<p>рускус-8шт.</p>
<p>папоротник-5шт.</p>
<p>упаковка крафт,сизаль</p>";2300
262;"Букет из роз ""Мери клер""";"<p>роза одноголовая-25шт.</p>
<p>лента</p>";2000
824;"Букет из роз ""Милый""";"<p>хризантема кустовая-2шт.</p>
<p>роза одноголовая-7шт.</p>
<p>роза кустовая-3шт.</p>
<p>альстромерия-1шт.</p>
<p>статица-1шт.</p>
<p>гвоздика-3шт.</p>
<p>рускус-5шт.</p>
<p>декор бабочка</p>
<p>упаковка сизаль</p>";1700
396;"Букет из роз ""Мотив""";"<p>роза-21шт.</p>
<p>аспидистра-5шт.</p>
<p>экзотическая зелень</p>
<p>декор бабочка</p>
<p>оформление натуральный сизаль</p>";2300
264;"Букет из роз ""Моцарт""";"<p>гербера-3шт.</p>
<p>эустома-4шт.</p>
<p>роза-15шт.</p>
<p>хризантема филинн грин-3шт.</p>
<p>аспидистра-7шт.</p>
<p>хамелациум-3шт.</p>
<p>упаковка фетр</p>";2700
493;"Букет из роз ""Моя душа""";"<p>роза-21шт.</p>
<p>статицы-3шт.</p>
<p>аспидистра-4шт.</p>
<p>оформление фетр</p>";2000
497;"Букет из роз ""Мы эхо""";"<p>роза-15шт.</p>
<p>салал-7шт.</p>
<p>упаковка крафт</p>";1200
461;"Букет из роз ""Нивель""";"<p>роза-3шт.</p>
<p>гипсофила-2шт.</p>
<p>рускус-7шт.</p>
<p>упаковка фетр</p>";750
462;"Букет из роз ""Орион""";"<p>роза-3шт.</p>
<p>хризантема кустовая-2шт.</p>
<p>гиперикум-3шт.</p>
<p>бамбук-2шт.</p>
<p>салал-5шт.</p>
<p>аспидистра-3шт.</p>
<p>монстера-1шт.</p>
<p>берграсс&nbsp;</p>
<p>упаковка сизаль</p>
<p>&nbsp;</p>";1800
257;"Букет из роз ""От Всей души""";"<p>роза одноголовая-11шт.</p>
<p>кустовая роза-5шт.</p>
<p>хризантема филин гринн-4шт.</p>
<p>гиперикум-3шт.</p>
<p>статица-1шт.</p>
<p>экзотическая зелень</p>
<p>робилини-1шт.</p>
<p>фатсия-3шт.</p>
<p>оформление сизаль</p>";3700
488;"Букет из роз ""Прима""";"<p>роза одноголовая 101 шт</p>";8500
256;"Букет из роз ""Радуга""";"<p>гербера-7шт.</p>
<p>ирис-3шт.</p>
<p>эустома-7шт.</p>
<p>роза кустовая-7шт.</p>
<p>роза одноголовая-7шт.</p>
<p>тюльпан-11шт.</p>
<p>аспидистра-12шт.</p>
<p>оформление сизаль</p>";4000
489;"Букет из роз ""Ред  Наоми 11/60""";;900
490;"Букет из роз ""Ред Наоми 11/70""";"<p>роза-11шт.</p>
<p>лента</p>";1100
491;"Букет из роз ""Ред Наоми 15""";"<p>роза-15шт.</p>
<p>рускус-10шт.</p>
<p>оформление сизаль</p>";1500
340;"Букет из роз ""Ред Наоми 15/60""";;1200
343;"Букет из роз ""Ред Наоми 15/70""";;1500
372;"Букет из роз ""Римские каникулы""";"<p>роза-9шт.</p>
<p>хризантема филин грин-1шт.</p>
<p>альстромерия-3шт.</p>
<p>гиперикум-2шт.</p>
<p>леукосперум-2шт.</p>
<p>рускус-7шт.</p>
<p>аспидистра-4шт.</p>
<p>фатсия-2шт.</p>
<p>натуральный декор</p>
<p>упаковка сизаль</p>
<p>&nbsp;</p>";2500
941;"Букет из роз ""Сиреневый туман"" ";"<p>орхидея цимбидиум-3шт.</p>
<p>альстромерия-5шт.</p>
<p>эустома-5шт.</p>
<p>роза одноголовая-15шт.</p>
<p>кустовая роза-3шт.</p>
<p>солидаго-3шт</p>
<p>упаковка крафтовая бумага</p>";3000
908;"Букет из роз ""Сказочный сон""";"<p>лилия-1шт.</p>
<p>роза-9шт.</p>
<p>брассика-3шт.</p>
<p>лимониум-3шт.</p>
<p>бруния-1шт.</p>
<p>аспидистра-8шт.</p>
<p>рускус итало-1шт.</p>
<p>монстера-2шт.</p>
<p>ель</p>
<p>натуральный декор корилус</p>
<p>шишки</p>
<p>упаковка сизаль</p>";3000
798;"Букет из роз ""Солнечный день""";"<p>гербера-3шт.</p>
<p>хризантема кустовая филин грин-4шт.</p>
<p>калла-2шт.</p>
<p>роза-5шт.</p>
<p>хризантема игольчатая-3шт.</p>
<p>альстромерия-2шт.</p>
<p>рускус-5шт.</p>
<p>салал-7шт.</p>
<p>упаковка крафт бумага</p>";2500
569;"Букет из роз ""Тезия""";;2200
350;"Букет из роз ""Топаз 25""";"<p>роза-25шт.</p>
<p>лента.</p>";2500
412;"Букет из роз ""Унисон""";"<p>розы-25шт.</p>
<p>упаковка фетр</p>";1700
265;"Букет из роз ""Фантазия""";"<p>роза-5шт.</p>
<p>роза кустовая-4шт.</p>
<p>альстромерия-3шт</p>
<p>гиацинт-3шт.</p>
<p>тропическая зелень</p>
<p>упаковка натуральная</p>";2000
353;"Букет из роз ""Фарфалле 25""";"<p>роза-25шт.</p>
<p>лента.</p>";2500
338;"Букет из роз ""Цветные сны""";"<p>роза-21шт.</p>
<p>статица-3шт.</p>
<p>рускус-8шт.</p>
<p>берграсс</p>
<p>оформление фетр</p>";1900
589;"Букет из роз ""Шампань""";"<p>роза пионовидная-11шт.</p>
<p>альстромерия-8шт.</p>
<p>статица-3шт.</p>
<p>рускус-10шт.</p>
<p>эвкалипт-7шт.</p>
<p>солидаго-3шт.</p>
<p>упаковка сизаль.</p>
<p>&nbsp;</p>";3000
494;"Букет из роз ""Элегант"" 95 шт";"<p>роза одноголовая 2 сортов. 95 штук</p>";9000
344;"Букет из роз ""Эрато""";"<p>роза-25шт.</p>
<p>эустома-7шт.</p>
<p>гиперикум-3шт.</p>
<p>рускус-15шт.</p>
<p>робилини-2шт.</p>
<p>монстера-1шт.</p>
<p>берграсс</p>
<p>упаковка натуральная</p>";3700
401;"Букет из роз ""Этюд""";"<p>роза-11шт.</p>
<p>эвкалипт-3шт.</p>
<p>салал-7шт.</p>
<p>упаковка фетр</p>";1500
741;"Букет из тюльпанов ""Жемчуг 29""";;2350
745;"Букет из тюльпанов ""Квин 25""";;2000
730;"Букет из тюльпанов ""Кредо 15""";;1200
736;"Букет из тюльпанов ""Кредо 29""";;2350
732;"Букет из тюльпанов ""Кредо+Мишель""";;2800
722;"Букет из тюльпанов ""Микс 100""";;7000
712;"Букет из тюльпанов ""Микс 15""";;1200
738;"Букет из тюльпанов ""Микс 21""";;1700
713;"Букет из тюльпанов ""Микс 25""";;2000
724;"Букет из тюльпанов ""Микс 29""";;2350
728;"Букет из тюльпанов ""Микс 31""";;2500
714;"Букет из тюльпанов ""Микс 35""";;2800
715;"Букет из тюльпанов ""Микс 45""";;3600
716;"Букет из тюльпанов ""Микс 50""";;4000
717;"Букет из тюльпанов ""Микс 55""";;4400
718;"Букет из тюльпанов ""Микс 60""";;4800
720;"Букет из тюльпанов ""Микс 65""";;5000
719;"Букет из тюльпанов ""Микс 70""";;5200
721;"Букет из тюльпанов ""Микс 75""";;5250
734;"Букет из тюльпанов ""Мистер Х""";;2000
726;"Букет из тюльпанов ""Мишель 15""";;1200
540;"Букет из хризантем  ""Розовая нежность""";"<p>хризантема кустовая сорта мона лиза или балтика 15 шт.</p>";1500
549;"Букет из хризантем ""Божоле""";"<p>хризантема кустовая 8 шт</p>
<p>гербера 7 шт</p>";1800
254;"Букет из хризантем ""Вальс Бастон""";"<p>гербера - 7 шт</p>
<p>хризантема кустовая - 5 шт</p>
<p>альстромерия - 5 шт</p>
<p>папоротник - 5 шт</p>
<p>гиперикум - 5 шт</p>";2300
576;"Букет из хризантем ""Валюша""";"<p>гербера 3шт</p>
<p>хризантема кустовая 2 шт</p>
<p>альстромерия 2шт</p>
<p>папоротник 3шт</p>
<p>аспарагус 1 шт</p>";1200
249;"Букет из хризантем ""Ванильное небо""";"<p>хризаньема кустовая - 4 шт</p>
<p>роза одноголовая - 15 шт</p>
<p>альстромерия - 7 шт</p>
<p>аралия - 3 шт</p>";3000
245;"Букет из хризантем ""Веселая карусель""";"<p>кустовая хризантема - 4шт</p>
<p>роза двухцветная - 9 шт</p>
<p>гербера- 3 шт</p>
<p>гиперикум- 5 шт</p>
<p>статица - 4 шт</p>
<p>зелень декоративная - 5 шт</p>";3000
602;"Букет из хризантем ""Винетта""";"<p>хризантема одноголовая - 5 шт</p>
<p>роза кустовая - 4 шт</p>
<p>альстромерия - 5 шт</p>
<p>ирисы - 3 шт</p>
<p>робелиния 3 шт</p>
<p>аспарагус - 3 шт</p>
<p>эустома - 3 шт</p>";3000
248;"Букет из хризантем ""Грация""";"<p>хризантема кустовая бакарди &nbsp;- 3 шт</p>
<p>гербера - 5 шт</p>
<p>альстромерия- 4 шт</p>
<p>статица- 2 шт</p>
<p>хризантема кустовая филин грин - 3 шт</p>
<p>фатсия - 3 шт</p>";2200
812;"Букет из хризантем ""Джали""";"<p>соцветия орхидеи цимбидиума - 2 шт</p>
<p>озатамнус - 2шт</p>
<p>хризантема кустовая сорта стреза - 4 шт</p>
<p>роза одноголовая 7 шт</p>
<p>леукодендрон 2 шт</p>
<p>аспидитра - 6 шт</p>
<p>аралия 3 шт</p>
<p>декор - 5 шт</p>
<p>упаковка сизаль</p>";3000
545;"Букет из хризантем ""Долина Луары""";"<p>хризантема кустовая 25 шт</p>";2500
246;"Букет из хризантем ""Ералаш""";"<p>хризантема кустовая - 10 шт</p>
<p>гербера - 7 шт</p>
<p>папоротник - 7 шт</p>";2500
251;"Букет из хризантем ""Жемчужина""";"<p>кустовая хризантема сорта балтика 15 шт</p>";1500
252;"Букет из хризантем ""Капелька росы""";"<p>одноголовая хризантема шемрок - 3 шт</p>
<p>лилия - 1 ветка</p>
<p>роза - 3 шт</p>
<p>гипсофила - 1 ветка</p>
<p>монстера- 1 шт</p>
<p>аспидистра - 3 шт</p>
<p>рускус италиано - 1 шт</p>
<p>упаковка - натуральный материал - сизаль</p>";2000
539;"Букет из хризантем ""Ласковый май""";"<p>хризантема кустовая сорта радость, мона лиза, балтика 15 шт</p>";1500
255;"Букет из хризантем ""Летний дождь""";"<p>хризантема кустовая -4 шт</p>
<p>альстромерия- 4 шт</p>
<p>роза- 5 шт</p>
<p>декоративная зелень - 5 шт</p>
<p>декор- 2</p>";1600
856;"Букет из хризантем ""Летняя песня""";"<p>гербера - 3 шт</p>
<p>гиперикум - 3 шт</p>
<p>хризантема кустовая - 3 шт</p>
<p>альстромерия - 5 шт</p>
<p>рускус - 6 шт</p>
<p>папоротник -4 шт</p>
<p>роза кустовая - 5 шт</p>
<p>упаковка натуральное волокго или крафт бумага</p>
<p>&nbsp;</p>";2600
241;"Букет из хризантем ""Лимонно-лаймовый фреш""";"<p>хризантема кустовая 15 шт</p>";1500
336;"Букет из хризантем ""Лимончелло""";"<p>кустовая хризантема - 5 шт</p>
<p>альстромерия - 6 шт</p>";1200
450;"Букет из хризантем ""Мерло""";"<p>гнрбера &nbsp;мини - 9шт</p>
<p>роза красная - 7 шт</p>
<p>хризантема кустовая - 6шт</p>
<p>хризантема одноголовая- 5шт</p>
<p>листья аспидистры- 6 шт</p>";3000
337;"Букет из хризантем ""Мое солнышко""";"<p>роза кустовая - 10 шт</p>
<p>кустовая хризантема - 5 шт</p>";2300
771;"Букет из хризантем ""Париж""";"<p>роза 15 шт</p>
<p>хризантема кустовая 11 шт</p>";2800
243;"Букет из хризантем ""Привет""";"<p>кустовая хрзантема - 3 шт</p>
<p>гербера - 1 шт</p>
<p>гиперикум 2 шт</p>
<p>гвоздика - 2 шт</p>
<p>рускус - 2шт</p>
<p>фатсия 1шт</p>";900
495;"Букет из хризантем ""Рыжик""";"<p>хризантема одноголовая - 5 шт</p>
<p>роза одноголовая - 7 шт</p>
<p>гиперикум - 4 шт</p>
<p>салал - 5 шт</p>
<p>берграсс - 1/4</p>
<p>гвоздика кустовая -3 шт</p>";2500
542;"Букет из хризантем ""Саба""";"<p>кустовая хризантема сорта саба 15 шт</p>";1500
250;"Букет из хризантем ""Серения""";"<p>хризантема кустовая - 15 шт</p>";1500
543;"Букет из хризантем ""Сиреневый микс""";"<p>хризантема кустовая 25 шт</p>";2500
242;"Букет из хризантем ""Солнечное утро""";"<p>хризантемакустовая 25 шт</p>";2500
577;"Букет из хризантем ""Татьяна""";"<p>гербера 3 шт</p>
<p>хризантема кустовая 1 шт</p>
<p>альстромерия1 шт</p>
<p>статица 1 шт</p>
<p>гипсофила 1 шт</p>
<p>салал 2</p>";1200
776;"Букет из хризантем ""Фрея""";"<p>орхидея-3шт.</p>
<p>роза одноголовая-3шт.</p>
<p>хризантема кустовая-4шт.</p>
<p>эустома-3шт.</p>
<p>гиперикум-2шт.</p>
<p>робилини-2шт.</p>
<p>аспидистра-4шт.</p>
<p>монстара-1шт.</p>
<p>рускус-5шт.</p>
<p>натуральный декор</p>
<p>оформление натуральное</p>";2600
253;"Букет из хризантем ""Юнона""";"<p>гербера - 3 шт</p>
<p>роза одноголовая - 3 шт</p>
<p>роза кустовая - 5 шт</p>
<p>тюльпан - 5 шт</p>
<p>хризантема кустовая - 3 шт</p>
<p>гипсофила - 1 шт</p>
<p>аспидистра - 3 шт</p>
<p>берграсс - 1/6</p>";2300
588;"Букет из хризантем ""Яблочный сад""";"<p>одноголовая хризантема -3 шт</p>
<p>кустовая хризантема 5 шт</p>
<p>аспарагус 1 шт</p>
<p>плетеный лист робелинии 2 шт</p>
<p>декоративные яблоки 2 шт</p>";1700
795;"Букет из хризантем""Ибица""";"<p>роза одноголовая - 9 шт</p>
<p>хризантема кустовая - 3 шт</p>
<p>монстера - 3 шт</p>
<p>хризантема одноголовая - 1 шт</p>
<p>корилиус - 1 шт</p>
<p>аспидистра - 5 шт</p>
<p>упаковка - натуральный материал</p>";2600
247;"Букет из хризантем""Мадрид""";"<p>альстромерия - 6 шт</p>
<p>гиперикум - 6 шт</p>
<p>кустовая хризантема- 6 шт</p>
<p>роза - 11 шт.</p>
<p>рускус-7шт.</p>
<p>оформление фетр</p>";3000
600;"Букет из хризантем""Матильда""";"<p>одноголовая хризантема Антонов 3 шт</p>
<p>кустовая хризантема филин грин 2 шт</p>
<p>альстромерия 5 шт</p>
<p>ирис 3 шт</p>
<p>кустовая роза 2 шт</p>
<p>одноголовая роза 3 шт</p>
<p>рускус 5 шт</p>
<p>аспарагус 3 шт</p>";2700
725;"Букет к 8 Марта  "" Микс 29""";;2350
729;"Букет к 8 Марта  "" Микс 31""";;2500
708;"Букет к 8 Марта  "" Микс 31"" Сочи";"<p>тюльпан-31шт.</p>
<p>лента</p>";2500
711;"Букет к 8 Марта  "" Микс 35""";"<p>тюльпан-35шт.</p>
<p>лента</p>";2800
740;"Букет к 8 Марта  "" Моя весна 51""";"<p>тюльпан-51шт.</p>
<p>лента</p>";4000
692;"Букет к 8 Марта  ""Адмирал 11""";;900
700;"Букет к 8 Марта  ""Квин 13""";"<p>тюльпан-13шт.</p>
<p>лента</p>";1050
733;"Букет к 8 Марта  ""Кредо+Мишель""";"<p>тюльпан-35шт.</p>
<p>лента</p>";2800
696;"Букет к 8 Марта  ""Лучик солнца 15""";"<p>тюльпен-15шт.</p>
<p>лента</p>";1200
739;"Букет к 8 Марта ""8 Марта""";"<p>тюльпан-37шт.</p>
<p>аспидистра-3шт.</p>
<p>оформление фетр</p>";3000
698;"Букет к 8 Марта ""Адель 13""";"<p>тюльпан-13шт.</p>
<p>лента</p>";1050
706;"Букет к 8 Марта ""Алый 15""";"<p>тюльпан-15шт.</p>
<p>лента</p>";1200
691;"Букет к 8 марта ""Барби""";"<p>тюльпан-3шт.</p>
<p>роза одноголовая-4шт.</p>
<p>роза кустовая-2шт.</p>
<p>хризантема кустовая-2шт.</p>
<p>лимониум-1шт.</p>
<p>рускус-5шт.</p>
<p>папортник-1шт.</p>
<p>гипсофила-1шт.</p>
<p>берграсс</p>
<p>оформление фетр,сетка.</p>";1500
815;"Букет к 8 марта ""Весенняя миниатюра""";"<p>гиацинт-5шт.</p>
<p>орхидея-3шт.</p>
<p>тюльпан-7шт.</p>
<p>зелень</p>
<p>упаковка крафт бумага</p>";1500
688;"Букет к 8 марта ""Ирис 25""";"<p>ирис-25шт.</p>
<p>оформление фетр</p>";2000
678;"Букет к 8 марта ""Ириска""";"<p>тюльпан-6шт.</p>
<p>ирис-3шт.</p>
<p>гиацинт-6шт.</p>
<p>солидаго-3шт.</p>
<p>статица-3шт.</p>
<p>упаковка натуральная</p>";2000
743;"Букет к 8 Марта ""Квин 11""";"<p>тюльпан-11шт.</p>
<p>лента</p>";900
737;"Букет к 8 Марта ""Кредо 29""";"<p>тюльпан-29шт.</p>
<p>лента</p>";2350
680;"Букет к 8 марта ""Любава""";"<p>гербера-9шт.</p>
<p>ирисы-10шт.</p>
<p>фитоспорум-9шт.</p>
<p>лента</p>";2000
735;"Букет к 8 Марта ""Мистер Х""";"<p>тюльпан-25шт.</p>
<p>лента</p>";2000
679;"Букет к 8 марта ""Радость""";"<p>ирис-3шт.</p>
<p>кустовая хризантема-1шт.</p>
<p>эустома-1шт.</p>
<p>фатсия-1шт.</p>
<p>статица-1шт.</p>
<p>берграсс</p>
<p>оформление органза,фетр</p>";850
682;"Букет к 8 марта ""Сеньорита""";"<p>калла-4шт.</p>
<p>ирис-5шт.</p>
<p>лилия-1шт.</p>
<p>статица-1шт.</p>
<p>трахелиум-2шт.</p>
<p>рускус-5шт.</p>
<p>гиперикум-1шт.</p>
<p>бамбук-1шт.</p>
<p>фатсия-1шт.</p>
<p>аспидистра-7шт.</p>
<p>оформление органза</p>";2500
958;"Букет к 8 Марта ""Тюльпан в шляпной коробке""";;2500
814;"Букет к 8 марта ""Ясный день""";"<p>тюльпаны-15шт.</p>
<p>гиацинт-14шт.</p>
<p>лента</p>";2500
924;"Букет невесты "" Романтика""";;3000
677;"Букет невесты ""Бианка""";;1800
946;"Букет невесты ""Бизе""";"<p>роза 25шт</p>
<p>эустома 10шт</p>
<p>гипсофила 2шт</p>
<p>рускус 5 шт</p>
<p>портбукетница 1шт</p>
<p>лента органза для декора ручки</p>";3000
597;"Букет невесты ""Венеция""";;2500
428;"Букет невесты ""Восход""";;2700
949;"Букет невесты ""Зимняя свадьба""";"<p>Хлопок 5шт</p>
<p>гипсофила 1шт</p>
<p>бруния или берцелия(на усмотрения флориста) 2шт</p>
<p>шишки</p>";2500
923;"Букет невесты ""Карамель""";;2800
98;"Букет невесты ""Кружева""";;2500
411;"Букет невесты ""Лавандовый мир""";;3000
779;"Букет невесты ""Лавандовый рай""";;3000
311;"Букет невесты ""Лавандовый чай """;;2500
436;"Букет невесты ""Лимонад""";;1800
407;"Букет невесты ""Мечта""";;2700
438;"Букет невесты ""Мокко""";;2700
955;"Букет невесты ""Морозное утро""";"<p>Роза кустовая 3шт</p>
<p>роза одноголовая 7шт</p>
<p>хлопок 3шт</p>
<p>бруния или берцелия 3 шт</p>
<p>эвкалипт 3шт</p>
<p>шишки</p>
<p>кружево или атласная лента на выбор клиента.</p>";2200
808;"Букет невесты ""Навсегда""";;2400
689;"Букет невесты ""Нежность""";;2800
945;"Букет невесты ""Нежные тона""";;2500
180;"Букет невесты ""Нимфа""";;1900
451;"Букет невесты ""Пламя любви""";;2700
956;"Букет невесты ""Рассвет""";"<p>роза 21шт</p>
<p>фрезия 15шт</p>
<p>фисташка 2шт</p>
<p>лента</p>
<p>&nbsp;</p>";3000
954;"Букет невесты ""Розовый фламенко""";"<p>роза 25шт</p>
<p>эустома 10шт</p>
<p>папоротник 5шт</p>
<p>гипсофила 2шт</p>
<p>рускус 5шт</p>
<p>портбукетница 1 шт</p>
<p>лента</p>";3500
816;"Букет невесты ""С любовью""";;2500
36;"Букет невесты ""Симфония любви""";;1600
950;"Букет невесты ""Снежинка""";"<p>Хлопок 25шт</p>
<p>эвкалипт 3шт</p>
<p>лаванда 1 пач</p>
<p>бичевка или лента (по желанию клиента)</p>";3000
408;"Букет невесты ""Элвия""";;1800
809;"Букет невесты ""Эрос""";;2900
515;"Букет с герберами  ""Людмила""";"<p>гербера - 7 шт</p>
<p>хризантема кустовая - 3 шт</p>
<p>альстромерия - 5 шт</p>
<p>солтдаго - 3 шт</p>
<p>статица - 2 шт</p>
<p>аспидистра - 4 шт</p>
<p>уоформление - сизаль натуральная</p>";2500
570;"Букет с герберами  ""Тезия""";"<p>роза одноголовая- 5 шт</p>
<p>кустовая роза - 4 шт</p>
<p>лилия желтая - 1 ветка</p>
<p>декоративная зелень</p>
<p>фатсия - 3 шт.</p>
<p>&nbsp;</p>";1800
280;"Букет с герберами ""Амулет""";"<p>гербера -7шт.</p>
<p>гиперикум -3шт.</p>
<p>ветки черники-5шт.</p>
<p>статица-3шт.</p>
<p>робелини-2шт.</p>
<p>аспидистра-5шт.</p>
<p>рускус-7шт.</p>
<p>лимониум-1шт.</p>
<p>декоративная зелень</p>
<p>оформление сизаль</p>";2000
281;"Букет с герберами ""Анонс""";"<p>гербера 5шт.</p>
<p>солидаго 4шт.</p>
<p>роза кустовая 3шт.</p>
<p>рускус-7шт.</p>
<p>лимониум-3шт.</p>
<p>декоративная зелень</p>
<p>листья фатсии-3шт.</p>
<p>&nbsp;упаковка сизаль</p>";1800
282;"Букет с герберами ""Ансамбль""";"<p>гербера- 1шт.</p>
<p>тюльпан -9шт.</p>
<p>хризантема кустовая -2шт.</p>
<p>роза одноголовая- 5шт.</p>
<p>рускус-8шт.</p>
<p>оформление сизаль&nbsp;</p>";1500
283;"Букет с герберами ""Антракт""";"<p>гербера- 3шт.</p>
<p>гиперикум -2шт</p>
<p>аспидистра-4шт.</p>
<p>берграсс</p>
<p>оформление сизаль</p>";900
284;"Букет с герберами ""Аплодисмент""";"<p>гербера -3шт.</p>
<p>калла -3шт.</p>
<p>берграсс</p>
<p>солидаго-2шт.</p>
<p>лист фатсии</p>
<p>декоративная зелень</p>
<p>упаковка сизаль</p>";1700
291;"Букет с герберами ""Вальс Бастон""";"<p>гербера- 7шт.</p>
<p>хризантема кустовая -4шт.</p>
<p>гиперикум- 2шт.</p>
<p>альстромерия -3шт.</p>
<p>папоротник-5шт.</p>
<p>рускус-5шт.</p>
<p>оформление сизаль</p>";2000
789;"Букет с герберами ""Ветер перемен""";"<p>гербера сорта пре интенз 3 шт</p>
<p>роза 4 шт</p>
<p>кустовые хризантемы 2 шт</p>
<p>ирисы - 3 шт</p>
<p>кустовая роза - 3 шт</p>
<p>лист робелинии плетеный -1 шт</p>
<p>аспидистра - 3 шт</p>
<p>монстера - 1 шт</p>
<p>ветки березы</p>
<p>оформление - натуральный материал</p>";2400
928;"Букет с герберами ""Жар-птица""";"<p>гербера 3 шт</p>
<p>лилия 1 ветка</p>
<p>орхидея цимбидиум - 3 соцветия</p>
<p>альстромерия - 3 шт</p>
<p>гвоздика - 3 шт</p>
<p>аспидистра - 3 шт</p>
<p>рускус - 3 шт</p>
<p>упаковка натуральный материал</p>";1800
289;"Букет с герберами ""Кокетка""";"<p>гербера -3шт.</p>
<p>кустовая роза -11шт.</p>
<p>альстромерия -5шт.</p>
<p>гиперикум- 4шт.</p>
<p>монстера- 1шт.</p>
<p>листья аспидистры-9шт.</p>
<p>экзотическая зелень</p>
<p>оформление-натуральная упаковка</p>";3500
294;"Букет с герберами ""Матадор""";"<p>амариллис- 3шт.</p>
<p>гербера- 5шт.</p>
<p>роза одноголовая -15шт.</p>
<p>аспидистра-6шт.</p>
<p>оформление-лента</p>";3000
516;"Букет с герберами ""Милла""";"<p>желтая гербера - 3 шт</p>
<p>альстромерия - 3 шт</p>
<p>папоротник- 3 шт</p>
<p>солидаго- 1 шт</p>
<p>декор- 3 шт</p>
<p>упаковка - сетка натуральная</p>";1500
300;"Букет с герберами ""Мистика""";"<p>гербера -15 шт</p>
<p>кустовая хризантема катинка- 5 шт</p>
<p>папоротник- 5 шт</p>
<p>оформление - фетр</p>";3000
660;"Букет с герберами ""Митра""";"<p>гербера- 3 шт</p>
<p>ирисы- 5 шт</p>
<p>статица- 3 шт</p>
<p>рускус - 3 шт</p>
<p>декоративная зелень - 5 веток</p>
<p>оформление - сизаль</p>";1800
297;"Букет с герберами ""Надежда""";"<p>гербера - 9 шт</p>
<p>кустовая роза - 4 шт</p>
<p>кустовая хризантема- 5 шт</p>
<p>эустома- 3 шт</p>
<p>берграсс</p>
<p>фатсия - 3 шт</p>
<p>гиперикум 4 ветки</p>
<p>ирисы - 4 шт</p>";3000
427;"Букет с герберами ""Настенька""";"<p>гербера - 3 шт</p>
<p>альстромерия - 4 шт</p>
<p>зелень декоративная&nbsp;</p>
<p>упаковка - сизаль</p>";1000
464;"Букет с герберами ""Наташа""";"<p>гербера-3 шт</p>
<p>альстромерия -3 шт</p>
<p>хризантема кустовая - 1 шт</p>
<p>гипсофила - 1 шт</p>
<p>салал - 2 шт</p>
<p>оформление - фетр, крафт</p>";1200
298;"Букет с герберами ""Ноктюрн""";"<p>плетеный каркас их веточек березы - 1 шт</p>
<p>гербера - 3 шт</p>
<p>роза - 5 шт</p>
<p>салал, фитоспорум - 2 шт</p>
<p>декоративная зелень - 2 шт</p>";1600
590;"Букет с герберами ""Платония"" ";"<p>мини гербера - 15 шт</p>
<p>альстромерия - 5 шт</p>
<p>хризантема филин грин - 4 шт</p>
<p>солидаго 4 ветки</p>
<p>папоротник -5 шт</p>
<p>упаковка сетка натуральная</p>";2500
292;"Букет с герберами ""Припев""";"<p>лилия -2шт.</p>
<p>роза кустовая -3шт.</p>
<p>гербера- 3шт.</p>
<p>брассика -1шт.</p>
<p>монстера- 2шт.</p>
<p>эвкалипт-3шт.</p>
<p>берграсс</p>
<p>аспидистра-5шт.</p>
<p>декоративная зелень</p>
<p>упаковка сизаль</p>";3200
296;"Букет с герберами ""Романс""";"<p>гербера - 3 шт</p>
<p>роза одноголовая - 9 шт</p>
<p>фрезия - 5 шт</p>
<p>декоративная зелень</p>
<p>оформление - сизаль натуральная</p>";3000
295;"Букет с герберами ""Сластена""";"<p>гербера -4шт.</p>
<p>роза кустовая -4шт.</p>
<p>лилия -1шт.</p>
<p>роза одноголовая- 6шт.</p>
<p>хризантема кустоваая-4шт.</p>
<p>эвкалипт-6шт.</p>
<p>оформление сизаль</p>";1800
299;"Букет с герберами ""Сомбреро""";"<p>каркас из веток березы - 1 шт</p>
<p>гербера красная - 3 шт</p>
<p>роза сорта мери клер - 3 шт</p>
<p>альстромерия - 5 шт</p>
<p>аспидистра - 5 шт</p>
<p>солидаго - 3 шт</p>
<p>фатсия - 3 шт</p>
<p>декор - 3 шт</p>";2500
603;"Букет с герберами ""Цветана""";"<p>гербера желтая - 3 шт</p>
<p>альстромерия - 3 шт</p>
<p>брассика - 2 шт</p>
<p>ирис - 3 шт</p>
<p>гиперикум - 3 шт</p>
<p>хризантема сорта филин грин - 2 шт</p>
<p>солидаго - 2 шт</p>
<p>салал - 3 ветки</p>
<p>фатсия, аралия 3 шт</p>
<p>упаковка крафт или пергамент</p>";2500
538;"Букет с герберами ""Ямайка""";"<p>гербера желтая - 7 шт</p>
<p>альстромерия - 7 шт</p>
<p>кустовая хризантема - 3 шт</p>
<p>аспарагус - 3 шт</p>
<p>папоротник - 5 шт</p>
<p>рускус - 3 шт</p>";2500
842;"Букет с экзотическим цветами ""Эсмеральда""";"<p>роза - 3 шт</p>
<p>антуриум - 3 шт</p>
<p>эустома-2 шт</p>
<p>калла- 3шт</p>
<p>альстромерия -3шт</p>
<p>салал-3 шт</p>
<p>эвкалипт-2 шт</p>
<p>фисташка-2шт</p>
<p>гиперикум - 2шт</p>";2700
310;"Букет с экзотическими цветами  ""Малахитовый рай""";"<p>антуриум-3шт.</p>
<p>амариллис-1шт.</p>
<p>альстромерия-3шт.</p>
<p>рускус итало-1шт.</p>
<p>аспидистра-7шт.</p>
<p>аспарагус-2шт.</p>
<p>рускус-9шт.</p>
<p>монстера-1шт.</p>
<p>упаковка сизаль</p>";2500
429;"Букет с экзотическими цветами  ""Фламенко""";"<p>антуриум-2шт.</p>
<p>бамбук-2шт.</p>
<p>берграсс</p>
<p>эвкалипт-1шт.</p>
<p>аспидистра-1шт.</p>
<p>лента</p>";1000
331;"Букет с экзотическими цветами ""Алианна""";"<p>калла-9шт.</p>
<p>гиацинт-3шт.</p>
<p>гиперикум-5шт.</p>
<p>статица-2шт.</p>
<p>рускус-15шт.</p>
<p>аспидистра-7шт.</p>
<p>лимониум-3шт.</p>
<p>робилини-1шт.</p>
<p>фатсия-1шт.</p>
<p>упаковка сизаль</p>
<p>&nbsp;</p>";2200
947;"Букет с экзотическими цветами ""Бриз""";"<p>Калла 9шт</p>
<p>ирис 6шт</p>
<p>робилини 2шт</p>
<p>рускус 4 шт</p>
<p>аспидистра 3 шт</p>
<p>оформление натуральная сетка</p>";2000
345;"Букет с экзотическими цветами ""Вивальди""";"<p>эустома-5шт.</p>
<p>роза-7шт.</p>
<p>хризантема кустовая-3шт.</p>
<p>оформление фетр</p>";1800
929;"Букет с экзотическими цветами ""Гармония""";"<p>протея -1</p>
<p>орхидея цимбидиум-3</p>
<p>кустовая хризантема-3</p>
<p>аспидистра-3</p>
<p>берграсс-1</p>
<p>эвкалипт-3</p>
<p>трахелиум-3</p>";2500
435;"Букет с экзотическими цветами ""Дежавю""";"<p>антуриум-3шт.</p>
<p>берграсс</p>
<p>аспидистра-3шт.</p>
<p>фатсия-3шт</p>
<p>упаковка сизаль</p>";1000
433;"Букет с экзотическими цветами ""Лайм""";"<p>антуриум-1шт.</p>
<p>фрезия-8шт.</p>
<p>роза одноголовая-15шт.</p>
<p>кустовая роза-3шт.</p>
<p>гиперикум-3шт.</p>
<p>аспидистра-11шт.</p>
<p>салал-7шт.</p>
<p>упакован фетр,крафт бумага</p>";2500
306;"Букет с экзотическими цветами ""Лаурита""";"<p>амариллис-3шт.</p>
<p>хризантема кустовая-3шт.</p>
<p>альстромерия-4шт.</p>
<p>аспидистра-4шт.</p>
<p>гвоздика-3шт.</p>
<p>робилини-2шт.</p>
<p>экзотическая зелень</p>
<p>декор корилус</p>
<p>оформление сизаль</p>";3000
364;"Букет с экзотическими цветами ""Матадор""";"<p>гербера-7шт.</p>
<p>альстромерия-2шт.</p>
<p>статица-3шт.</p>
<p>эвкалипт-2шт.</p>
<p>аспидистра-7шт.</p>
<p>рускус-7шт.</p>
<p>берграсс</p>
<p>натуральный декор</p>
<p>натуральная упаковка</p>";2500
786;"Букет с экзотическими цветами ""Ранчо""";"<p>подсолнух-3шт.</p>
<p>гиперикум-2шт.</p>
<p>калла-2шт.</p>
<p>солидаго-3шт.</p>
<p>робилини-1шт.</p>
<p>эвкалипт-4шт.</p>
<p>аспидистра-5шт.</p>
<p>монстера-2шт.</p>
<p>натуральный декор</p>
<p>оформление натуральная упаковка</p>
<p>&nbsp;</p>";2500
360;"Букет с экзотическими цветами ""Рондо""";"<p>лилия-1шт.</p>
<p>амариллис-3шт.</p>
<p>хризантема филин грин-2шт.</p>
<p>гиперикум-1шт.</p>
<p>агапантус-2шт.</p>
<p>рускус итало-1шт.</p>
<p>аспидистра-4шт.</p>
<p>монстера-1шт.</p>
<p>рускус-5шт.</p>
<p>эвкалипт-1шт.</p>
<p>натуральный декор корилус-1шт.</p>
<p>упаковка сизаль</p>";2300
792;"Букет с экзотическими цветами ""Торжество""";"<p>калла-4шт.</p>
<p>гербера-3шт.</p>
<p>рускус итало-1шт.</p>
<p>робилини-2шт.</p>
<p>рускус-7шт.</p>
<p>аспидистра-10шт.</p>
<p>монстера-2шт.</p>
<p>натуральный декор</p>
<p>оформление натуральная упаковка</p>";2000
922;"Букет с экзотическими цветами ""Фисташковый""";"<p>антуриум-3шт.</p>
<p>эустома-4шт.</p>
<p>хризантема-4шт.</p>
<p>гвоздика-7шт.</p>
<p>роза-9шт.</p>
<p>гиперикум-5шт.</p>
<p>аспидистра-12шт.</p>
<p>фатсия-4шт.</p>
<p>берграсс</p>
<p>рускус-5шт.</p>
<p>упаковка натуральный сизаль</p>";3500
417;"Букет с экзотическими цветами""Адэль""";"<p>орхидея цимбидиум-3шт.</p>
<p>хризантема кустовая-3шт.</p>
<p>гвоздика зеленая-5шт.</p>
<p>гиперикум-2шт.</p>
<p>папоротник-1шт.</p>
<p>салал-5шт.</p>
<p>берграсс</p>
<p>упаковка натуральный сизаль</p>
<p>&nbsp;</p>";1300
329;"Букет с экзотическими цветами""Алиса""";"<p>амариллис-2шт.</p>
<p>альстромерия-3шт.</p>
<p>хризантема-2шт.</p>
<p>гиперикум-2шт.</p>
<p>рускус-10шт.</p>
<p>аспидистра-4шт.</p>
<p>фатсия-3шт.</p>
<p>экзотическая зелень.</p>
<p>натуральный декор</p>
<p>оформление натуральный сизаль</p>";2200
519;Гербера;;100
901;"Декор шампанского!!!";;400
512;"Денежное дерево 1";;1300
513;"Денежное дерево 2";;1200
267;"Детский Букет "" Девочка припевочка""";"<p>роза одноголовая-7шт.</p>
<p>хризантема кустовая-2шт.</p>
<p>эвкалипт-2шт.</p>
<p>гипсофила-1шт.</p>
<p>аспидистра-5шт.</p>
<p>декор</p>
<p>&nbsp;</p>";1200
270;"Детский Букет "" Детство""";"<p>роза-3шт.</p>
<p>хризантема-1шт.</p>
<p>кустовая роза-2шт.</p>
<p>альстромерия-1шт</p>
<p>солидаго-2шт.</p>
<p>статица-1шт.</p>
<p>гиперикум-1шт.</p>
<p>салал-4шт.</p>
<p>берграсс</p>
<p>&nbsp;декор</p>
<p>упаковка сизаль</p>";1300
266;"Детский Букет ""Азбука""";"<p>орхидея-3шт.</p>
<p>хризантема кустовая-1шт.</p>
<p>гиперикум-2шт.</p>
<p>аспарагус-1шт.</p>
<p>рускус-2шт.</p>
<p>салал-2шт.</p>
<p>аспидистра-2шт.</p>
<p>берграсс</p>
<p>декор упаковка фетр</p>";1350
269;"Детский Букет ""Гаврош""";"<p>роза кустовая-1шт.</p>
<p>гербера-3шт.</p>
<p>рускус-3шт.</p>
<p>солидаго-3шт.</p>
<p>статица1шт.</p>
<p>аспарагус-1шт.</p>
<p>аспидистра-1шт.</p>
<p>берграсс</p>
<p>тематический декор</p>
<p>оформление фетр</p>";1300
834;"Детский Букет ""Дарю""";"<p>хризантема одноголовая-3шт.</p>
<p>альстромерия-3шт.</p>
<p>гиперикум-2шт.</p>
<p>салал-8шт.</p>
<p>декоративные фрукты</p>
<p>оформление лента</p>";1600
833;"Детский Букет ""Жара""";"<p>гербера-3шт.</p>
<p>калла-2шт.</p>
<p>гиперикум-2шт.</p>
<p>аспарагус-1шт.</p>
<p>тематический декор</p>
<p>каркас</p>";1200
836;"Детский Букет ""Зиг Заг""";"<p>гербера-3шт.</p>
<p>хризантема кустовая-3шт.</p>
<p>роза кустовая-1шт.</p>
<p>ромашка-3шт.</p>
<p>салал-8шт.</p>
<p>тематический декор</p>
<p>каркас</p>";1500
841;"Детский букет ""Лучик""";"<p>гербере-1шт.</p>
<p>хризантема кустовая-2шт.</p>
<p>аспидистра-6шт.</p>
<p>робелинт-2шт.</p>
<p>фатсия-1шт.</p>
<p>декор</p>
<p>оформление фетр</p>";1000
268;"Детский Букет ""Перемена""";"<p>эустома-1шт.</p>
<p>хризантема кустовая-1шт.</p>
<p>гербера-3шт.</p>
<p>альстромерия-1шт.</p>
<p>&nbsp;</p>
<p>ирис-3шт.</p>
<p>солидаго-3шт.</p>
<p>трахелиум-1шт.</p>
<p>берграсс</p>
<p>декор</p>
<p>&nbsp;</p>";1200
838;"Детский букет ""Цветные карандаши""";"<p>гербера-3шт.</p>
<p>роза одноголовая-5шт.</p>
<p>хризантема кустовая-3шт.</p>
<p>эустома-2шт.</p>
<p>солидаго-2шт.</p>
<p>декоративная зелень</p>
<p>тематический декор</p>";2000
371;Дуэт;"<p>декоративное стекло - 2 шт</p>
<p>орхтдея цимбидиум -1 шт</p>
<p>хризантема кустовая - 2 шт</p>
<p>берграсс - 1шт</p>
<p>калла - 1шт</p>
<p>флористический оазис</p>";900
895;"Елочка декоративная №1";"<p>натуральный и искуственный декор</p>";800
904;"Елочка декоративная №2";"<p>натуральный и искуственный декор</p>";800
905;"Елочка декоративная №3";"<p>натуральный и искуственный декор</p>";800
599;"игрушка из цветов ""Снеговик 1""";"<p>хризантема кустовая 7шт</p>
<p>папаротник 3 шт</p>
<p>аспарагус 1шт</p>
<p>корзинка 1 шт</p>
<p>декор</p>";1500
458;"Композиция "" Всегда твое""";"<p>хризантема кустовая - 15шт</p>
<p>роза-7шт</p>
<p>берграсс - 1шт</p>
<p>рускус - 15шт</p>
<p>оазис флористический -2шт</p>
<p>корзина - 1шт</p>";3500
385;"Композиция "" Евро дерево""";"<p>кашпо стеклянное-1шт</p>
<p>корилиус - 1шт</p>
<p>хризантема кустовая - 15 шт</p>";1600
163;"Композиция "" Елочка 1""";;2000
623;"Композиция "" Елочка 2""";;1500
625;"Композиция "" Елочка 3""";;1800
627;"Композиция "" Елочка 4""";;2500
466;"Композиция ""Бонсай модель1""";"<p>корилус-1шт.</p>
<p>гипсофила-1шт.</p>
<p>аспарагус-4шт.</p>
<p>оазис</p>
<p>натуральный декор</p>";2000
915;"Композиция ""Все для тебя""";"<p>роза - 4 шт</p>
<p>кустовая роза - 4 шт</p>
<p>кондитерские изделия</p>
<p>декоратиная зелень</p>
<p>флористический оазис - 1 шт</p>
<p>шляпная коробка - 1шт</p>";2000
389;"Композиция ""Дерево из живых цветов 1""";"<p>хризантема кустовая-5шт.</p>
<p>иликс-1шт.</p>
<p>рускус-3шт.</p>
<p>корилус</p>
<p>оазис</p>
<p>кашпо</p>
<p>декор</p>";2000
391;"Композиция ""Дерево из живых цветов 2""";"<p>хризантема кустовая-3шт.</p>
<p>роза кустовая-3шт.</p>
<p>гербера-1шт.</p>
<p>солидаго-1шт.</p>
<p>гиперикум-2шт.</p>
<p>рускус-5шт.</p>
<p>корилус</p>
<p>оазис</p>
<p>кашпо</p>";2300
393;"Композиция ""Дерево из живых цветов 3""";"<p>хризантема кустовая-5шт.</p>
<p>корилус</p>
<p>оазис</p>
<p>кашпо</p>
<p>декор</p>";2000
387;"Композиция ""Дуэт""";"<p>хризантема кустовая-6шт.</p>
<p>роза кустовая-1шт.</p>
<p>рускус-5шт.</p>
<p>гиперикум-1шт.</p>
<p>берграсс</p>
<p>оазис&nbsp;</p>
<p>кашпо</p>
<p>корилус</p>
<p>декор</p>";2200
638;"Композиция ""Елочка 5""";;2000
852;"Композиция ""Комплимент""";"<p>кашпо стеклянное 1шт</p>
<p>роза или гербера 1шт</p>
<p>рускус 2шт</p>
<p>гипсифил или лимониум 1шт</p>
<p>роза кустовая или хризантема кустовая 1шт</p>
<p>декор 1шт</p>";350
621;"Композиция ""Миранда""";;500
457;"Композиция ""Моя радость""";"<p>хризантема кустовая - 15 шт</p>
<p>роза - 3 шт</p>
<p>хризантема кустовая -2шт</p>
<p>декоративная зелень - 5 шт</p>
<p>оазис флористический - 2шт</p>";3000
644;"Композиция ""Новогодняя ночь""";;2200
646;"Композиция ""Рождественские огни""";"<p>роза одноголовая-7шт.</p>
<p>хризантема кустовая-2шт.&nbsp;</p>
<p>гвоздика-3шт.</p>
<p>ель</p>
<p>декор</p>
<p>оазис</p>
<p>кашпо</p>";1700
378;"Композиция ""Романтика""";"<p>роза - 27шт</p>
<p>аспидистра- 10 шт</p>
<p>оазис - 2шт</p>";3500
443;;"<p>роза - 27 шт</p>
<p>аспидистра - 15 шт</p>
<p>оазис флористический - 1шт</p>";4500
459;"Композиция ""Сердце""";"<p>роза - 100 шт</p>
<p>салал, аспидистра - 5 шт</p>
<p>оазис флористический - 4 шт</p>
<p>форма под сердце</p>";7000
460;"Композиция ""Страстное сердце""";"<p>роза 35-39 &nbsp;шт</p>
<p>гипсофила - 4шт</p>
<p>салал, рускус - 10 шт</p>
<p>берграсс-1шт</p>";5000
439;;"<p>роза - 35 шт</p>
<p>аспидистра -</p>
<p>декор</p>
<p>оазис флористический</p>";3700
383;;"<p>роза - 35 штук</p>
<p>рускус, салал, апидистра - 10 шт</p>
<p>декор</p>
<p>оазис флористический - 2шт</p>";3800
921;"Композиция в стекле "" Арт""";"<p>гербера мини - 4 шт</p>
<p>роза- 1 шт</p>
<p>эустома - 1 шт</p>
<p>гвоздика кустовая - 2 шт</p>
<p>эвкалипт</p>
<p>рускус итало</p>";1200
821;"Композиция в стекле ""Зеленый чай""";"<p>орхидея-3шт.</p>
<p>хризантема одноголовая-2шт.</p>
<p>декоративная зелень</p>
<p>оазис</p>
<p>кашпо</p>
<p>&nbsp;</p>";1300
801;"Композиция в стекле ""Комплимент""";;0
849;;"<p>цветы изелень в ассортименте</p>";350
565;"Композиция в стекле ""Райская птица""";"<p>лилия - 2шт</p>
<p>кустовая роза - 3 шт</p>
<p>кустовая хризантема - 3шт</p>
<p>декоративная зелень - 5 шт</p>
<p>керамическон кашпо - 1 шт</p>";2000
476;"Композиция в стекле ""Шлягер""";"<p>стекло декоративное - 1 шт</p>
<p>орхидея - 1шт</p>
<p>ирис - 3 шт</p>
<p>хризантема кустовая - 3 шт</p>
<p>декоративная зелень - 5 шт</p>
<p>флористичекий оазис - 1 шт</p>";1000
510;"Композиция в стекле ""Эльвира""";"<p>стекло декоративное- 1 шт</p>
<p>роза - 1шт</p>
<p>декоративная зелень- 3 шт</p>
<p>флористический оазис</p>";500
942;"Корзина из цветов "" Поздравляем""";"<p>гербера-3шт.</p>
<p>роза кустовая-6шт.</p>
<p>солидаго-2шт.</p>
<p>рускус-5шт.</p>
<p>эвкалипт-3шт.</p>
<p>гиперикум-1шт.</p>
<p>корзина</p>";1500
943;"Корзина из цветов ""В подарок!""";"<p>гербера-1шт.</p>
<p>эустома-3шт.</p>
<p>гипсофила-1шт.</p>
<p>роза кустовая-4шт.</p>
<p>папоротник-3шт.</p>
<p>эвкалипт-2шт.</p>
<p>рускус-3шт.</p>
<p>декор сизаль</p>
<p>корзина</p>";1600
944;"Корзина из цветов ""От всей души!""";"<p>гербера-3шт.</p>
<p>эустома-4шт.</p>
<p>роза кустовая-4шт.</p>
<p>хризантема кустовая-3шт.</p>
<p>лимониум-3шт.</p>
<p>рускус-5шт.</p>
<p>папоротник-4шт.</p>
<p>декор сизаль</p>";2200
642;"Корзинка "" Праздник к нам приходит""";;1800
630;"Корзинка ""Зимняя сказка""";;1300
517;"Кофейное дерево 1";;1500
509;"Лепестки роз";;0
361;Минуэт;"<p>гепиаструм-1шт.</p>
<p>эустома-1шт.</p>
<p>рускус-3шт.</p>
<p>берграсс</p>
<p>оформление сизаль</p>
<p>декор</p>
<p>оазис&nbsp;</p>
<p>кашпо</p>";1300
481;"Мишка №1";"<p>хризантема кустовая-15шт.</p>
<p>салал -5шт.</p>
<p>оазис</p>
<p>декор</p>";3500
482;"Мишка №2";"<p>хризантема кустовая-15шт.</p>
<p>роза кустовая-1шт.</p>
<p>оазис</p>
<p>декор</p>";3500
613;"Новогоднее дерево 1";;3000
636;"Новогоднее дерево 2";;1700
608;"Новогодний декор 1";;350
619;"Новогодний декор 2";;500
632;"Новогодний декор 3";;500
634;"Новогодний декор 4";;250
615;"Новогодний шар 1";;1200
617;"Новогодний шар 2";;1000
640;"Новый год в шляпной коробке";;1500
557;"Открытка в подарок";;0
931;"Розы  в шляпной коробке ""Восторг""";"<p>роз19 шт</p>
<p>альстромерия-9 шт</p>
<p>орхидея цимбидиум-3шт</p>
<p>пион- 3шт</p>
<p>хризантема кустовая-7 шт</p>
<p>тюльпан- 7 шт</p>
<p>рускус- 10 шт</p>
<p>салал- 5 шт</p>
<p>гиперикум- 5 шт</p>
<p>эустома- 5 шт</p>
<p>оазис флористический-1шт</p>
<p>шляпная коробка - 1 шт</p>";5000
767;"Розы  в шляпной коробке ""Дивный сад""";"<p>гербера-3шт</p>
<p>кустовая роза белая-7шт</p>
<p>альстромерия- 7шт</p>
<p>кустовая хризантема-7шт</p>
<p>роза одноголовая-15шт</p>
<p>гиперикум-4шт</p>
<p>салал-5шт</p>
<p>эвкалипт-3шт</p>
<p>декоративная зелень - 3 шт</p>
<p>флористический оазис - 1 шт</p>
<p>шляпная коробка - 1 шт</p>";5500
891;"Розы  в шляпной коробке ""Мрамор""";"<p>роза кустовая - 21 шт</p>
<p>шляпная коробка - 1 шт</p>
<p>флористический оазис - 1 шт</p>";3000
888;"Розы  в шляпной коробке ""Романтика""";"<p>эустома- 9шт</p>
<p>роза одноголовая- 15 шт</p>
<p>шляпная коробка - 1 шт</p>";3500
937;"Розы  в шляпной коробке ""Сказка""";"<p>роза одноголовая-9шт.</p>
<p>роза кустовая-4шт.</p>
<p>гиперикум-3шт.</p>
<p>фисташка-4шт.</p>
<p>статица-1шт.</p>
<p>шляпная коробка</p>";2200
863;"Розы  в шляпной коробке ""Солнечное настроение""";"<p>роза - 51шт</p>
<p>салал - 5 шт</p>
<p>оазис флористический-1шт</p>
<p>шляпная коробка-1шт</p>";5500
757;"Розы  в шляпной коробке ""Таказия""";"<p>роза одноголовая - 35 шт</p>
<p>шляпная коробка-1шт</p>
<p>флористический оазис - 1шт</p>";3500
894;"Розы  в шляпной коробке""Сара""";"<p>кустовая роза - 11 шт</p>
<p>оазис флористический - 1 шт</p>
<p>шляпная коробка - 1шт</p>";1900
521;"Розы в  шляпной коробке ""Карусель""";"<p>роза одноголовая-24шт.</p>
<p>шляпная коробка.</p>
<p>&nbsp;</p>";3500
628;"Розы в шляпной коробке ""Аваланж""";;4000
525;"Розы в шляпной коробке ""Белоснежка""";"<p>роза одноголовая-25шт.</p>
<p>шляпная коробка.</p>";3500
527;"Розы в шляпной коробке ""Веселый микс""";"<p>роза одноголовая-15шт.</p>
<p>хризантема кустовая-3шт.</p>
<p>гипсофила-1шт.</p>
<p>салал-5шт.</p>
<p>шляпная коробка</p>";2300
764;"Розы в шляпной коробке ""Веснушки""";"<p>гербера - 5 шт</p>
<p>роза - 9 шт</p>
<p>хризантема кустовая - 9шт</p>
<p>фисташка - 5 шт</p>
<p>шляпная коробка - 1шт</p>
<p>флористический оазис1 шт</p>
<p>декоративная зелень - 5 шт</p>";4000
769;"Розы в шляпной коробке ""Винтаж""";"<p>роза одноголовая - 7 шт</p>
<p>гиперикум- 5 шт</p>
<p>кустовая роза- 7 шт</p>
<p>папоротник- 5 шт</p>
<p>трахелиум - 3 шт</p>
<p>декоративная зелень - 3 шт</p>
<p>шляпная коробка - 1шт</p>";4000
936;"Розы в шляпной коробке ""Земляника""";"<p>роза одноголовая-25шт.</p>
<p>эвкалипт-7шт.</p>
<p>шляпная коробка</p>";3700
865;"Розы в шляпной коробке ""красный комплимент""";"<p>роза -51шт</p>
<p>салал- 5шт</p>
<p>оазис флористический-1шт</p>
<p>шляпная коробка- 1 шт</p>";5500
596;"Розы в шляпной коробке ""Морская пена""";"<p>роза кустовая-5шт.</p>
<p>роза одноголовая-9шт.</p>
<p>статица-1шт.</p>
<p>гипсофила-1шт.</p>
<p>салал-5шт.</p>
<p>шляпная коробка</p>";2200
529;"Розы в шляпной коробке ""Розовые розы""";"<p>роза одноголовая-31шт.</p>
<p>шляпная коробка.</p>";4000
898;"Розы в шляпной коробке! ""Нежность""";"<p>орхидея цимбидиум - 1 шт</p>
<p>роза-3 шт</p>
<p>кустовая хризантема - 2 шт</p>
<p>эустома -3шт</p>
<p>кустовая роза - 3 шт</p>
<p>салал - 3 шт</p>
<p>декоративная зелень&nbsp;</p>
<p>шляпная коробка - 1 шт</p>";1500
507;"Свадебные бокалы 1";;800
508;"Свадебные бокалы 2";;1000
506;"Свадебные свечи 1 ""Ваниль""";;1500
911;"Сердце из роз  ""Любимой""";"<p>роза 19 шт</p>";2500
916;"Сердце из роз ""Красное сердце""";"<p>роза - 47 шт</p>
<p>оазис флористический-1шт</p>
<p>коробка-1шт</p>
<p>декор</p>";4700
910;"Сердце из роз ""От всего сердца""";"<p>роза одноголовая - 10 шт</p>
<p>роза кустовая - 5 шт</p>
<p>хлопок-1 шт</p>
<p>гипсофила - 2шт</p>
<p>зелень декоративная - 3 шт</p>
<p>оазис флористический - 1шт</p>
<p>шляпная коробка в форме сердца - 1шт</p>";3800
951;Сова;"<p>хризантема кустовая 7 шт</p>
<p>гербера мини 2шт</p>
<p>аспарагус 1шт</p>
<p>салал 2 шт</p>
<p>корзинка 1шт</p>
<p>декор</p>";1800
927;Топперы;;150
453;"Фруктовая корзина ""Гурман""";"<p>орхидея-3шт.</p>
<p>гербера-3шт.</p>
<p>гиперикум-3шт.</p>
<p>салал-5шт.</p>
<p>эвкалипт-2шт.</p>
<p>оазис</p>
<p>корзина</p>
<p>оформление фетр,сизаль</p>";2000
723;"Цветочная композиция ""Милашка""";"<p>роза-3шт</p>
<p>кустовая хризантема -2шт</p>
<p>салал - 2шт</p>
<p>аспидистра- 3 шт</p>
<p>берграс-1шт</p>
<p>декор- -3шт</p>
<p>флористическая губка-1шт</p>";1500
440;"Цветочная корзина "" Гармония""";"<p>роза одноголовая - 51шт</p>
<p>кустовая роза 21шт</p>
<p>декоративная зелень - 5 шт</p>
<p>оазис флористический - 2шт</p>
<p>корзина - 1шт</p>";8000
690;"Цветочная корзина "" Палитра""";"<p>гербера - 5шт</p>
<p>роза - 6шт</p>
<p>хризантема кустовая -5шт</p>
<p>статица - 4шт</p>
<p>кустовая роза - 4шт</p>
<p>аспидистра - 3шт</p>
<p>гипсофила - 2 шт</p>";4500
605;"Цветочная корзина "" Улыбка зимы""";"<p>роза - 10шт</p>
<p>гербера-3шт</p>
<p>кустовая роза - 3шт</p>
<p>альстромерия - 5шт</p>
<p>аспарагус- 3шт</p>
<p>ель ветки-3шт</p>
<p>флористический оазис - 2шт</p>
<p>корзина - 1шт</p>";3500
61;"Цветочная корзина ""Альянс""";"<p>роза - 15 шт</p>
<p>эустома - 5 шт</p>
<p>гипсофила - 2 шт</p>
<p>декоративная зелень</p>
<p>флористический оазис - 1 шт</p>
<p>корзина - 1 шт</p>";2500
376;"Цветочная корзина ""Веселый микс""";"<p>гербера-3шт</p>
<p>роза- 5шт</p>
<p>гиперикум- 3шт</p>
<p>салал-3шт</p>
<p>хризантема кустовая-3шт</p>
<p>оазис флористический</p>
<p>корзина- 1шт</p>
<p>&nbsp;</p>";2500
537;"Цветочная корзина ""Весна""";"<p>гербера-5шт</p>
<p>ирисы-5шт</p>
<p>роза-10шт</p>
<p>хризантема кустовая-5шт</p>
<p>декоративная зелень-5шт</p>
<p>рускус - 5шт</p>
<p>оазис флористический-1шт</p>
<p>корзина-1шт</p>";3700
765;"Цветочная корзина ""Для любимой""";"<p>роза одноголовая - 29шт</p>
<p>лилия-3шт</p>
<p>альстромерия-8шт</p>
<p>хризантема кустовая - 5шт</p>
<p>статица-4шт</p>
<p>тюльпан - 15шт</p>
<p>папоротник - 10шт</p>
<p>фисташка - 10 шт</p>
<p>аспидистра -10шт</p>
<p>оазис флористический-2шт</p>
<p>корзина-1шт</p>";9000
445;"Цветочная корзина ""Лагуна""";"<p>роза одноголовая - 25 шт</p>
<p>эустома -5 шт</p>
<p>гипсофила-2шт</p>
<p>папоротник-5 шт</p>
<p>оазис флористический - 1шт</p>
<p>корзина-1шт</p>";3200
444;"Цветочная корзина ""Облака""";"<p>роза одноголовая - 15 шт</p>
<p>рускус - 5 шт</p>
<p>оазис флористический- 1шт</p>
<p>корзина-1шт</p>";1500
377;"Цветочная корзина ""Очарование 1""";"<p>орхидея цимбидиум - 9 шт</p>
<p>салал - 5 шт</p>
<p>декоративная зелень - 5 шт</p>
<p>оазис-1шт</p>
<p>корзина - 1шт</p>";2900
492;"Цветочная корзина ""Очарование 2""";"<p>орхидея цимбидиум - 17 шт</p>
<p>салал - 7 шт</p>
<p>декоративная зелень - 5шт</p>
<p>оазис флористический - 2шт</p>
<p>корзна - 1шт</p>";5000
442;"Цветочная корзина ""Пиковая дама""";"<p>роза - 101 шт</p>
<p>оазис флористический - 2шт</p>
<p>корзина - 1шт</p>";9000
441;"Цветочная корзина ""Радушие""";"<p>роза одноголовая - 9 шт</p>
<p>гербера - 5шт</p>
<p>салал - 3шт</p>
<p>декоративная зелень- 3 шт</p>
<p>оазис флористический - 1 шт</p>
<p>корзина - 1шт</p>";2600
328;"Цветочная корзина ""Расчудесье""";"<p>гербера - 7шт</p>
<p>хризантема кустовая - 5шт</p>
<p>альстромерия - 5шт</p>
<p>аспарагус умбелатус - 1 шт</p>
<p>папоротник- 5 шт</p>
<p>оазис флористический - 1шт</p>
<p>корзина - 1шт</p>";3000
933;"Цветочная корзина ""С сюрпризом!""";"<p>подсолнух-1шт</p>
<p>пион-1шт</p>
<p>роза-5шт</p>
<p>хризантема-1шт</p>
<p>альстромерия-1шт</p>
<p>декоративная зелень- 5шт</p>
<p>оазис флористический-1шт</p>
<p>корзина-1шт</p>";2000
380;"Цветочная корзина ""Страна чудес""";"<p>ирисы-7шт</p>
<p>роза-7шт</p>
<p>хризантема-7 шт</p>
<p>лилия-2шт</p>
<p>гипсофила-2шт</p>
<p>папоротник-7шт</p>
<p>оазис флористический - 1-2шт</p>
<p>корзина - 1шт</p>";3000
817;"Цветочная корзина ""Счастье""";"<p>роза-7шт</p>
<p>тюльпан-7шт</p>
<p>эустома - 4шт</p>
<p>хризантема кустовая - 5шт</p>
<p>статица-7шт</p>
<p>гвоздика-5шт</p>
<p>лимониум-3шт</p>
<p>салал - 5шт</p>
<p>фрезия - 5шт</p>
<p>оазис флористический-1шт</p>
<p>корзина-1шт</p>";3500
379;"Цветочная корзина ""Улыбка лета""";"<p>гербера-3шт</p>
<p>роза-7шт</p>
<p>эустома-5шт</p>
<p>трахелиум- 3шт</p>
<p>салал -3шт</p>
<p>оазис - 1шт</p>
<p>корзина - 1шт</p>";3000
810;"Цветочная корзина ""Цветочная поляна""";"<p>орхидея цимбидиум-3шт</p>
<p>кустовая хризантема - 3шт</p>
<p>кустовая роза - 3 шт</p>
<p>гербера-3шт</p>
<p>гиперикум - 4шт</p>
<p>альстромерия - 4шт</p>
<p>аспидистра - 5шт</p>
<p>фисташка - 3шт</p>";2800
455;"Цветочная корзина ""Яблоневый цвет""";"<p>роза 25 шт</p>
<p>корзина-1шт</p>
<p>флористический оазис-1шт</p>
<p>корзина - 1 шт</p>";2500
446;"Цветочная корзина ""Ягодный пир""";"<p>кустовая роза 20 шт</p>
<p>папоротник - 5 шт</p>
<p>оазис флористический - 1 шт</p>
<p>корзина - 1 шт</p>";3000
452;"Цветочная корзина ""Янина""";"<p>роза одноголовая - 9шт</p>
<p>кустовая роза - 5шт</p>
<p>эустовая - 4шт</p>
<p>статица - 5шт</p>
<p>лилия - 1шт</p>
<p>гербера - 5шт</p>
<p>робилиния-4 шт</p>
<p>берграсс-1шт</p>
<p>папоротник - 5шт</p>
<p>оазис флористический-2шт</p>
<p>корзина - 1шт</p>
<p>&nbsp;</p>
<p>&nbsp;</p>";3500
876;"Цветы  в шляпной коробке ""Алые паруса""";"<p>тюльпан - 17шт</p>
<p>аспидистра-4 шт</p>
<p>фисташка- 3 шт</p>
<p>оазис флористический- 1 шт</p>
<p>шляпная коробка- 1 шт</p>";2500
935;"Цветы  в шляпной коробке ""Бордо""";"<p>роза - 20 шт</p>
<p>альстромерия - 8 шт</p>
<p>эвкалипт</p>";3700
940;"Цветы  в шляпной коробке ""Женский каприз""";"<p>орхидея цимбидиум - 3 шт</p>
<p>роза мираж пинк - 5 шт</p>
<p>эустома - 2 шт</p>
<p>кустовая роза - 3 шт</p>
<p>хризантема кустовая - 2 шт</p>
<p>лимониум - 2</p>
<p>астильба- 1</p>
<p>эвкалипт - 3</p>
<p>салал - 2</p>
<p>рускус - 3</p>";4700
878;"Цветы  в шляпной коробке ""Лето""";"<p>роза одноголовая-21 шт</p>
<p>гербера- 6 шт</p>
<p>кустовая хризантема- 7 шт</p>
<p>флористический оазис - 1 шт</p>
<p>шляпная коробка - 1 шт</p>";5500
883;"Цветы  в шляпной коробке ""Сюрприз""";"<p>роза одноголовая -20 шт</p>
<p>хризантема кустовая сорта филин грин- 4 шт</p>
<p>гипсофила - 1 шт</p>
<p>флористический оазис -1 шт</p>
<p>шляпная коробка- 1 шт</p>";3000
884;"Цветы  в шляпной коробке ""Тюльпаны в шляпной коробке""";"<p>35 тюльпанов</p>
<p>флористический оазис</p>
<p>шляпная коробка</p>";2500
902;"Цветы  в шляпной коробке ""Удивление""!";"<p>роза кустовая - 2 шт</p>
<p>эустома - 1 шт</p>
<p>хризантема кустовая филин грин - 2 шт</p>
<p>статица - 1шт</p>
<p>роза одноголовая - 2 шт</p>
<p>хризантема одноголовая - 1 шт</p>
<p>салал - 2 шт</p>";1500
875;"Цветы  в шляпной коробке""Весеннее настроение""";"<p>тюльпан - 35шт</p>
<p>гтпсофила-2 шт</p>
<p>салал-2 шт</p>
<p>фисташка-2 шт</p>
<p>оазис флористический-1 шт</p>
<p>шляпная коробка-1 шт</p>";3000
934;"Цветы в шляпной коробке ""Альстромерия""";"<p>альстромерия - 18 шт</p>";2500
899;"Цветы в шляпной коробке ""Венеция""!";"<p>гербера - 3</p>
<p>орхидея - 3</p>
<p>роза - 9</p>
<p>эустома - 3</p>
<p>альстромерия - 3</p>
<p>гипсофила - 1</p>
<p>рускус-5</p>
<p>декоративная зелень - 5</p>";3300
948;"Цветы в шляпной коробке ""Вечерний уют""";"<p>роза пионовидная 7шт</p>
<p>хризантема кустовая 3шт</p>
<p>роза кустовая 4шт</p>
<p>брассика 2шт</p>
<p>амарилис 1шт</p>
<p>альстромерия 3шт</p>
<p>хамелацум 2шт</p>
<p>эвкалипт 2шт</p>
<p>салал 5шт</p>
<p>эустома 3шт</p>
<p>лимониум 2 шт</p>
<p>топпер 1 шт (надпись может быть по выбору клиента)</p>
<p>&nbsp;</p>";5000
874;"Цветы в шляпной коробке ""Доброе утро""";"<p>роза одноголовая - 7 шт</p>
<p>кустовая хризантема - 4 шт</p>
<p>статица-2 шт</p>
<p>кустовая роза- 4 шт</p>
<p>гипсофила- 2 шт</p>
<p>фисташка - 3шт</p>
<p>флористический оазис - 1шт</p>
<p>шляпная коробка - 1 шт</p>";2500
939;"Цветы в шляпной коробке ""Жар птица""";"<p>роза сорта мери клер - 5 шт</p>
<p>фрезия - 3шт</p>
<p>гербера - 2 шт</p>
<p>ромашка или кустовая хризантема - 1 шт</p>
<p>лимониум - 2 шт</p>
<p>зелень фисташки, рускус</p>";1800
930;"Цветы в шляпной коробке ""Кокетка""";"<p>орхидея цимбидиум - 3 шт</p>
<p>гиацинт - 1 шт</p>
<p>альстромерия-2 шт</p>
<p>хризантема сталлион - 2 шт</p>
<p>рускус - 3 шт</p>
<p>статица - 1 шт</p>";1500
881;"Цветы в шляпной коробке ""Лондон""";"<p>орхидея цимбидиум - &nbsp;3 шт</p>
<p>гиацинт - 1 шт</p>
<p>вероника -5 шт</p>
<p>эустома - 5 шт</p>
<p>хризантема кустовая - 3 шт</p>
<p>роза - 7шт</p>
<p>фисташка - 3 шт</p>
<p>салал - 3 шт</p>
<p>флористический оазис - 1шт</p>
<p>шляпная коробка - 1шт</p>
<p>&nbsp;</p>";3800
871;"Цветы в шляпной коробке ""Мадемуазель Коко""";"<p>эустома -3шт</p>
<p>хризантема кустовая филин грин -3шт</p>
<p>гиацинт- 3 шт</p>
<p>фисташка-2шт</p>
<p>салал -3шт</p>
<p>гиперикум-2шт</p>
<p>тюльпан -5шт</p>
<p>гвоздика салатовая-7шт</p>
<p>оазис флористический-1шт</p>
<p>шляпная коробка-1шт</p>";3300
914;"Цветы в шляпной коробке ""Розовое сердце""";"<p>37 роз</p>";3700
886;"Цветы в шляпной коробке ""Романтика""";"<p>роза 15</p>
<p>эустома - 10</p>";3500
882;"Цветы в шляпной коробке ""Улыбка""";"<p>роза одноголовая - 5 шт</p>
<p>роза кустовая - 5 шт</p>
<p>брассика- 3 шт</p>
<p>хризантема кустовая - 3 шт</p>
<p>альстромерия - 5 шт</p>
<p>солидаго- 2 шт</p>
<p>зелень декоративная - 5 шт</p>";3800
938;"Цветы в шляпной коробке ""Фея""";"<p>гербера - 3 шт</p>
<p>эустома - 2шт</p>
<p>кустовая хризантема -2 шт</p>
<p>роза - 5 шт</p>
<p>лимониум - 3шт</p>
<p>фисташка - 2 шт</p>
<p>салал - 2 шт</p>";2400
880;"Цветы в шляпной коробке ""Шарм""";"<p>гиацинт-3 шт</p>
<p>орхидея цимбидиум - 5 шт</p>
<p>роза одноголовая- 8 шт</p>
<p>кустовая хризантема - 6 шт</p>
<p>эустома- 5 шт</p>
<p>гиперикум - 3 шт</p>
<p>фисташка- 3 шт</p>
<p>аспидистра - 3 шт</p>
<p>салал - 3 шт</p>
<p>вероника- 3 шт</p>
<p>флористический оазис - 1шт</p>
<p>шляпная коробка - 1 шт</p>";4700
868;"Цветы в шляпной коробке""Весна""";"<p>орхидея цимбидиум -3шт</p>
<p>тюльпан пионовидный-15шь</p>
<p>рускус-7 шт</p>
<p>оазис флористический-1шт</p>
<p>шляпная коробка-1шт</p>";2800
869;"Цветы в шляпной коробке""Очарование""";"<p>орхидея цимбидиум -5 шт</p>
<p>гербера мини- 5 шт</p>
<p>тюльпан- 10шт</p>
<p>кустовая роза-5шт</p>
<p>гиперикум-4 шт</p>
<p>эустома-4шт</p>
<p>альстромерия-5шт</p>
<p>статица-3шт</p>
<p>трахелиум-3шт</p>
<p>декоративная зелень-5шт</p>
<p>флористический оазис-1шт</p>
<p>шляпная коробка-1шт</p>";6000
595;"Цыпленок 1";"<p>хризантема кустовая-7шт.</p>
<p>рускус-5шт.</p>
<p>аспарагус-1шт.</p>
<p>корзинка-1шт.</p>
<p>оазис</p>
<p>декор</p>";1500
349;"Экзотический микс";"<p>бамбук-1шт.</p>
<p>гербера-1шт.</p>
<p>роза одноголовая-2шт.</p>
<p>лилия-1шт.</p>
<p>роза кустовая-2шт.</p>
<p>хризантема кустовая-1шт.</p>
<p>зелень декоративная</p>
<p>оазис</p>
<p>кашпо</p>";1800
